"","highFreqvalue","plateau"
"740",0.549019607843137,FALSE
"750",0.962962962962963,TRUE
"752",0.0740740740740741,FALSE
"755",0.0555555555555556,FALSE
"762",0.0566037735849057,FALSE
"1390",0.925925925925926,TRUE
"3053",0.962962962962963,TRUE
"3088",0.222222222222222,FALSE
"6396",0.240740740740741,FALSE
"8806",0.148148148148148,FALSE
"9706",0.0555555555555556,FALSE
"14229",0.0714285714285714,FALSE
"18509",0.924528301886792,TRUE
"19893",0.148148148148148,FALSE
"24559",0.0555555555555556,FALSE
"25154",0.245283018867925,FALSE
"26980",0.037037037037037,FALSE
"27640",0.111111111111111,FALSE
"32065",0.962962962962963,TRUE
"34462",0.111111111111111,FALSE
"36405",0.087719298245614,FALSE
"38721",0.148148148148148,FALSE
"45388",0.759259259259259,FALSE
"45923",0.907407407407407,TRUE
"49842",0.0555555555555556,FALSE
"62343",0.867924528301887,TRUE
"63878",0.156862745098039,FALSE
"67574",0.653846153846154,FALSE
"71423",0.851851851851852,TRUE
"75520",0.037037037037037,FALSE
"77213",0.981481481481482,TRUE
"79037",0.0555555555555556,FALSE
"82151",0.12962962962963,FALSE
"92859",0.888888888888889,TRUE
"102816",0.0925925925925926,FALSE
"105014",0.0740740740740741,FALSE
"118218",0.0925925925925926,FALSE
"119875",0.872727272727273,TRUE
"122758",0.30188679245283,FALSE
"122819",0.0740740740740741,FALSE
"123127",0.0517241379310345,FALSE
"125066",0.037037037037037,FALSE
"125973",0.760869565217391,FALSE
"127716",0.833333333333333,TRUE
"130181",0.0925925925925926,FALSE
"138783",0.518518518518518,FALSE
"141540",0.0555555555555556,FALSE
"142784",0.925925925925926,TRUE
"169780",0.611111111111111,FALSE
"180973",0.0740740740740741,FALSE
"221019",0.0526315789473684,FALSE
"226080",0.111111111111111,FALSE
"246131",0.0566037735849057,FALSE
"256439",0.0740740740740741,FALSE
"256942",0.0740740740740741,FALSE
"266046",0.0555555555555556,FALSE
"279836",0.333333333333333,FALSE
"312887",0.277777777777778,FALSE
"330507",0.264150943396226,FALSE
"350625",0.0526315789473684,FALSE
"369100",0.981481481481482,TRUE
"409962",0.5,FALSE
"606869",0.0555555555555556,FALSE
"608210",0.0377358490566038,FALSE
"609699",0.166666666666667,FALSE
"613327",0.678571428571429,FALSE
"616348",0.0566037735849057,FALSE
"628503",0.923076923076923,TRUE
"637037",0.0925925925925926,FALSE
"639186",0.763636363636364,FALSE
"639966",0.160714285714286,FALSE
"649890",0.0545454545454545,FALSE
"673596",0.736842105263158,FALSE
"678515",0.962962962962963,TRUE
"679828",0.203703703703704,FALSE
"683863",0.0740740740740741,FALSE
"683864",0.259259259259259,FALSE
"686288",0.404255319148936,FALSE
"698215",0.464285714285714,FALSE
"701554",0.08,FALSE
"701852",0.0535714285714286,FALSE
"702294",0.946428571428571,TRUE
"703081",0.120689655172414,FALSE
"707545",0.290909090909091,FALSE
"710464",0.037037037037037,FALSE
"713563",0.0714285714285714,FALSE
"715055",0.0535714285714286,FALSE
"718781",0.107142857142857,FALSE
"719276",0.773584905660377,FALSE
"719345",0.982142857142857,TRUE
"719627",0.107142857142857,FALSE
"722134",0.0517241379310345,FALSE
"727859",0.120689655172414,FALSE
"732517",0.0535714285714286,FALSE
"733504",0.245283018867925,FALSE
"737754",0.0566037735849057,FALSE
"741078",0.125,FALSE
"741899",0.0892857142857143,FALSE
"743414",0.0714285714285714,FALSE
"745750",0.107142857142857,FALSE
"747599",0.0943396226415094,FALSE
"747971",0.107142857142857,FALSE
"747973",0.833333333333333,TRUE
"747974",0.0545454545454545,FALSE
"749226",0.566037735849057,FALSE
"750690",0.0535714285714286,FALSE
"750691",0.107142857142857,FALSE
"751249",0.607142857142857,FALSE
"751297",0.666666666666667,FALSE
"752493",0.296296296296296,FALSE
"752840",0.773584905660377,FALSE
"753686",0.410714285714286,FALSE
"754143",0.928571428571429,TRUE
"754230",0.982142857142857,TRUE
"754344",0.0535714285714286,FALSE
"754345",0.0526315789473684,FALSE
"754346",0.0689655172413793,FALSE
"754348",0.0701754385964912,FALSE
"754349",0.339285714285714,FALSE
"754350",0.0535714285714286,FALSE
"754352",0.0517241379310345,FALSE
"754353",0.0526315789473684,FALSE
"754354",0.0344827586206897,FALSE
"754355",0.0714285714285714,FALSE
"754356",0.0701754385964912,FALSE
"754357",0.0344827586206897,FALSE
"754358",0.109090909090909,FALSE
"754359",0.109090909090909,FALSE
"754360",0.113207547169811,FALSE
"754361",0.0350877192982456,FALSE
"754362",0.12280701754386,FALSE
"754364",0.0701754385964912,FALSE
"754365",0.0535714285714286,FALSE
"754366",0.538461538461538,FALSE
"754367",0.0555555555555556,FALSE
"755384",0.0892857142857143,FALSE
"755385",0.0689655172413793,FALSE
"755386",0.87719298245614,TRUE
"755387",0.807017543859649,TRUE
"755389",0.0689655172413793,FALSE
"755400",0.087719298245614,FALSE
"755605",0.196428571428571,FALSE
"755606",0.12280701754386,FALSE
"755761",0.666666666666667,FALSE
"755762",0.842105263157895,TRUE
"755763",0.12280701754386,FALSE
"755765",0.0689655172413793,FALSE
"755766",0.0517241379310345,FALSE
"755769",0.0555555555555556,FALSE
"755770",0.333333333333333,FALSE
"755771",0.842105263157895,TRUE
"755772",0.0701754385964912,FALSE
"755773",0.0377358490566038,FALSE
"755774",0.945454545454545,TRUE
"755775",0.0727272727272727,FALSE
"755926",0.0714285714285714,FALSE
"755927",0.105263157894737,FALSE
"755980",0.0535714285714286,FALSE
"755981",0.12962962962963,FALSE
"755983",0.894736842105263,TRUE
"755984",0.105263157894737,FALSE
"755985",0.982142857142857,TRUE
"755986",0.160714285714286,FALSE
"756641",0.0526315789473684,FALSE
"756642",0.0350877192982456,FALSE
"756643",0.0701754385964912,FALSE
"756644",0.0714285714285714,FALSE
"756645",0.0535714285714286,FALSE
"756646",0.0701754385964912,FALSE
"756647",0.1875,FALSE
"756648",0.0701754385964912,FALSE
"756649",0.0526315789473684,FALSE
"756650",0.163636363636364,FALSE
"756652",0.087719298245614,FALSE
"756653",0.631578947368421,FALSE
"756654",0.0526315789473684,FALSE
"756655",0.857142857142857,TRUE
"756656",0.0350877192982456,FALSE
"756657",0.105263157894737,FALSE
"756658",0.157894736842105,FALSE
"756659",0.0909090909090909,FALSE
"756660",0.0740740740740741,FALSE
"756662",0.0526315789473684,FALSE
"756663",0.087719298245614,FALSE
"756874",0.0555555555555556,FALSE
"756875",0.0754716981132075,FALSE
"756876",0.0754716981132075,FALSE
"756879",0.0740740740740741,FALSE
"757148",0.0526315789473684,FALSE
"757149",0.264150943396226,FALSE
"757333",0.140350877192982,FALSE
"757334",0.461538461538462,FALSE
"757437",0.84,TRUE
"757438",0.0526315789473684,FALSE
"757439",0.0392156862745098,FALSE
"757440",0.294117647058824,FALSE
"757441",0.0714285714285714,FALSE
"757444",0.0925925925925926,FALSE
"758005",0.0701754385964912,FALSE
"758006",0.421052631578947,FALSE
"758007",0.0535714285714286,FALSE
"758242",0.0701754385964912,FALSE
"758243",0.0526315789473684,FALSE
"758244",0.117647058823529,FALSE
"758245",0.0701754385964912,FALSE
"758246",0.478260869565217,FALSE
"758247",0.857142857142857,TRUE
"758248",0.105263157894737,FALSE
"758249",0.0701754385964912,FALSE
"758250",0.087719298245614,FALSE
"758251",0.0555555555555556,FALSE
"758252",0.607142857142857,FALSE
"758253",0.178571428571429,FALSE
"758254",0.0535714285714286,FALSE
"758256",0.169811320754717,FALSE
"758257",0.5,FALSE
"758484",0.0754716981132075,FALSE
"758485",0.0526315789473684,FALSE
"758486",0.0526315789473684,FALSE
"758487",0.0535714285714286,FALSE
"758488",0.0526315789473684,FALSE
"758489",0.781818181818182,FALSE
"758490",0.0701754385964912,FALSE
"758591",0.928571428571429,TRUE
"758774",0.0535714285714286,FALSE
"758871",0.087719298245614,FALSE
"758872",0.0526315789473684,FALSE
"758873",0.0727272727272727,FALSE
"759094",0.0526315789473684,FALSE
"759095",0.105263157894737,FALSE
"759096",0.0555555555555556,FALSE
"759224",0.160714285714286,FALSE
"759498",0.0535714285714286,FALSE
"759657",0.473684210526316,FALSE
"759658",0.0350877192982456,FALSE
"759659",0.109090909090909,FALSE
"759660",0.0526315789473684,FALSE
"759661",0.0526315789473684,FALSE
"759675",0.0701754385964912,FALSE
"759676",0.0526315789473684,FALSE
"759677",0.04,FALSE
"759905",0.0526315789473684,FALSE
"760143",0.0526315789473684,FALSE
"760144",0.0377358490566038,FALSE
"760444",0.0701754385964912,FALSE
"760536",0.0526315789473684,FALSE
"760764",0.0545454545454545,FALSE
"760765",0.0535714285714286,FALSE
"760766",0.0545454545454545,FALSE
"760841",0.0566037735849057,FALSE
"760842",0.0740740740740741,FALSE
"760843",0.087719298245614,FALSE
"761068",0.0892857142857143,FALSE
"761069",0.175438596491228,FALSE
"761070",0.163636363636364,FALSE
"761188",0.0350877192982456,FALSE
"761189",0.890909090909091,TRUE
"761190",0.375,FALSE
"761192",0.0526315789473684,FALSE
"761193",0.105263157894737,FALSE
"761194",0.0701754385964912,FALSE
"761215",0.456140350877193,FALSE
"761216",0.114285714285714,FALSE
"761217",0.12280701754386,FALSE
"761266",0.727272727272727,FALSE
"761385",0.12,FALSE
"761387",0.0701754385964912,FALSE
"761431",0.0576923076923077,FALSE
"761432",0.980392156862745,TRUE
"761690",0.087719298245614,FALSE
"761691",0.245614035087719,FALSE
"761692",0.0701754385964912,FALSE
"761693",0.0526315789473684,FALSE
"761759",0.0526315789473684,FALSE
"761760",0.0701754385964912,FALSE
"761879",0.0526315789473684,FALSE
"761910",0.0727272727272727,FALSE
"761931",0.140350877192982,FALSE
"762151",0.0526315789473684,FALSE
"762152",0.0909090909090909,FALSE
"762153",0.037037037037037,FALSE
"762154",0.392857142857143,FALSE
"762381",0.0701754385964912,FALSE
"762382",0.0526315789473684,FALSE
"762418",0.111111111111111,FALSE
"762419",0.0566037735849057,FALSE
"762521",0.245283018867925,FALSE
"762598",0.611111111111111,FALSE
"762672",0.0526315789473684,FALSE
"762673",0.0701754385964912,FALSE
"762829",0.894736842105263,TRUE
"763094",0.859649122807018,TRUE
"763371",0.109090909090909,FALSE
"763443",0.132075471698113,FALSE
"763444",0.0545454545454545,FALSE
"763525",0.232142857142857,FALSE
"763526",0.087719298245614,FALSE
"763527",0.490909090909091,FALSE
"763564",0.037037037037037,FALSE
"763579",0.0727272727272727,FALSE
"763758",0.127272727272727,FALSE
"763929",0.0555555555555556,FALSE
"763932",0.0727272727272727,FALSE
"764036",0.981818181818182,TRUE
"764037",0.109090909090909,FALSE
"764039",0.0363636363636364,FALSE
"764040",0.113207547169811,FALSE
"764041",0.06,FALSE
"764042",0.181818181818182,FALSE
"764043",0.0526315789473684,FALSE
"764090",0.0526315789473684,FALSE
"764091",0.0701754385964912,FALSE
"764092",0.642857142857143,FALSE
"764134",0.162790697674419,FALSE
"764135",0.0740740740740741,FALSE
"764136",0.0545454545454545,FALSE
"764237",0.0727272727272727,FALSE
"764238",0.0727272727272727,FALSE
"764239",0.0526315789473684,FALSE
"764276",0.537037037037037,FALSE
"764334",0.0545454545454545,FALSE
"764481",0.0666666666666667,FALSE
"764487",0.0701754385964912,FALSE
"764515",0.037037037037037,FALSE
"764516",0.0363636363636364,FALSE
"764517",0.0714285714285714,FALSE
"764579",0.0754716981132075,FALSE
"764580",0.0526315789473684,FALSE
"764581",0.0727272727272727,FALSE
"764582",0.0925925925925926,FALSE
"764608",0.0526315789473684,FALSE
"764609",0.105263157894737,FALSE
"764658",0.240740740740741,FALSE
"764659",0.0740740740740741,FALSE
"764755",0.0740740740740741,FALSE
"764756",0.0740740740740741,FALSE
"764757",0.589285714285714,FALSE
"764764",0.163636363636364,FALSE
"764765",0.105263157894737,FALSE
"764820",0.0350877192982456,FALSE
"764821",0.0526315789473684,FALSE
"764823",0.0526315789473684,FALSE
"765395",0.0526315789473684,FALSE
"765396",0.444444444444444,FALSE
"765435",0.678571428571429,FALSE
"765436",0.0350877192982456,FALSE
"765632",0.701754385964912,FALSE
"765672",0.0727272727272727,FALSE
"765694",0.0727272727272727,FALSE
"765695",0.0526315789473684,FALSE
"765775",0.842105263157895,TRUE
"765776",0.0701754385964912,FALSE
"765865",0.0545454545454545,FALSE
"765866",0.0943396226415094,FALSE
"765888",0.127272727272727,FALSE
"765889",0.140350877192982,FALSE
"765898",0.107142857142857,FALSE
"765949",0.12280701754386,FALSE
"765974",0.0545454545454545,FALSE
"766254",0.789473684210526,FALSE
"766255",0.105263157894737,FALSE
"766270",0.294117647058824,FALSE
"766271",0.2,FALSE
"766288",0.836363636363636,TRUE
"766811",0.228070175438596,FALSE
"766819",0.105263157894737,FALSE
"766820",0.0545454545454545,FALSE
"766821",0.818181818181818,TRUE
"766824",0.0526315789473684,FALSE
"766887",0.0701754385964912,FALSE
"766888",0.418181818181818,FALSE
"766906",0.0526315789473684,FALSE
"766907",0.0526315789473684,FALSE
"766908",0.0701754385964912,FALSE
"766991",0.431372549019608,FALSE
"766992",0.181818181818182,FALSE
"767006",0.105263157894737,FALSE
"767048",0.0377358490566038,FALSE
"767123",0.0526315789473684,FALSE
"767124",0.087719298245614,FALSE
"767125",0.203703703703704,FALSE
"767128",0.333333333333333,FALSE
"767470",0.814814814814815,TRUE
"767533",0.818181818181818,TRUE
"767598",0.0545454545454545,FALSE
"767599",0.0545454545454545,FALSE
"767600",0.0545454545454545,FALSE
"767601",0.0701754385964912,FALSE
"767745",0.428571428571429,FALSE
"767746",0.087719298245614,FALSE
"767896",0.228070175438596,FALSE
"767897",0.087719298245614,FALSE
"767898",0.0701754385964912,FALSE
"767951",0.867924528301887,TRUE
"767952",0.0545454545454545,FALSE
"767953",0.0350877192982456,FALSE
"767954",0.508771929824561,FALSE
"768011",0.0526315789473684,FALSE
"768068",0.2,FALSE
"768069",0.0701754385964912,FALSE
"768070",0.0363636363636364,FALSE
"768071",0.0727272727272727,FALSE
"768072",0.415094339622642,FALSE
"768073",0.0727272727272727,FALSE
"768112",0.672727272727273,FALSE
"768508",0.0909090909090909,FALSE
"768509",0.0526315789473684,FALSE
"768536",0.963636363636364,TRUE
"768593",0.0909090909090909,FALSE
"771532",0.0526315789473684,FALSE
"771644",0.0566037735849057,FALSE
"771649",0.854545454545454,TRUE
"771650",0.0851063829787234,FALSE
"771651",0.0769230769230769,FALSE
"771652",0.303571428571429,FALSE
"771750",0.0526315789473684,FALSE
"771751",0.947368421052632,TRUE
"771858",0.113207547169811,FALSE
"772196",0.350877192982456,FALSE
"772197",0.363636363636364,FALSE
"772198",0.196428571428571,FALSE
"772254",0.836363636363636,TRUE
"772255",0.814814814814815,TRUE
"772290",0.508771929824561,FALSE
"772291",0.333333333333333,FALSE
"772351",0.140350877192982,FALSE
"772469",0.0545454545454545,FALSE
"772498",0.111111111111111,FALSE
"772499",0.0701754385964912,FALSE
"772563",0.407407407407407,FALSE
"772564",0.0526315789473684,FALSE
"772595",0.0350877192982456,FALSE
"772868",0.0526315789473684,FALSE
"772885",0.0526315789473684,FALSE
"772886",0.0526315789473684,FALSE
"772887",0.0526315789473684,FALSE
"772920",0.0701754385964912,FALSE
"772991",0.315789473684211,FALSE
"772992",0.0943396226415094,FALSE
"773094",0.0535714285714286,FALSE
"773095",0.927272727272727,TRUE
"773096",0.771929824561403,FALSE
"773230",0.472727272727273,FALSE
"773260",0.490909090909091,FALSE
"773261",0.836363636363636,TRUE
"773262",0.06,FALSE
"773264",0.0545454545454545,FALSE
"773265",0.0526315789473684,FALSE
"773394",0.0943396226415094,FALSE
"774651",0.245283018867925,FALSE
"774769",0.163636363636364,FALSE
"774829",0.0625,FALSE
"774830",0.0754716981132075,FALSE
"774831",0.0350877192982456,FALSE
"774901",0.285714285714286,FALSE
"774911",0.0754716981132075,FALSE
"775018",0.087719298245614,FALSE
"775306",0.037037037037037,FALSE
"775351",0.981818181818182,TRUE
"775636",0.0566037735849057,FALSE
"775637",0.0350877192982456,FALSE
"775665",0.981818181818182,TRUE
"775727",0.636363636363636,FALSE
"775771",0.62962962962963,FALSE
"775772",0.345454545454545,FALSE
"776017",0.0545454545454545,FALSE
"776043",0.0526315789473684,FALSE
"776066",0.127272727272727,FALSE
"776422",0.0909090909090909,FALSE
"776762",0.0701754385964912,FALSE
"776786",0.0727272727272727,FALSE
"776787",0.0526315789473684,FALSE
"776790",0.0545454545454545,FALSE
"776821",0.12280701754386,FALSE
"776996",0.0363636363636364,FALSE
"777109",0.745454545454545,FALSE
"777194",0.963636363636364,TRUE
"777425",0.0526315789473684,FALSE
"777445",0.127272727272727,FALSE
"777446",0.0701754385964912,FALSE
"777447",0.0526315789473684,FALSE
"777448",0.464285714285714,FALSE
"777571",0.0892857142857143,FALSE
"777572",0.0350877192982456,FALSE
"777573",0.0526315789473684,FALSE
"777586",0.037037037037037,FALSE
"777638",0.0545454545454545,FALSE
"777639",0.254545454545455,FALSE
"777671",0.0545454545454545,FALSE
"777718",0.0526315789473684,FALSE
"777877",0.0363636363636364,FALSE
"777878",0.945454545454545,TRUE
"777879",0.0701754385964912,FALSE
"778304",0.132075471698113,FALSE
"778305",0.0727272727272727,FALSE
"778364",0.0701754385964912,FALSE
"778365",0.320754716981132,FALSE
"778366",0.175438596491228,FALSE
"778367",0.0526315789473684,FALSE
"778368",0.0545454545454545,FALSE
"778448",0.912280701754386,TRUE
"778590",0.350877192982456,FALSE
"778746",0.0526315789473684,FALSE
"778747",0.0526315789473684,FALSE
"778809",0.0526315789473684,FALSE
"778810",0.0350877192982456,FALSE
"778909",0.0545454545454545,FALSE
"779217",0.0545454545454545,FALSE
"779218",0.087719298245614,FALSE
"779404",0.0769230769230769,FALSE
"779405",0.0701754385964912,FALSE
"779407",0.912280701754386,TRUE
"779408",0.2,FALSE
"780019",0.0526315789473684,FALSE
"780020",0.0526315789473684,FALSE
"780041",0.087719298245614,FALSE
"780042",0.087719298245614,FALSE
"780043",0.842105263157895,TRUE
"780108",0.218181818181818,FALSE
"780163",0.105263157894737,FALSE
"780203",0.0545454545454545,FALSE
"780204",0.0701754385964912,FALSE
"780205",0.127272727272727,FALSE
"780249",0.0526315789473684,FALSE
"780250",0.0526315789473684,FALSE
"780290",0.12280701754386,FALSE
"780291",0.087719298245614,FALSE
"780404",0.0566037735849057,FALSE
"780812",0.56140350877193,FALSE
"780965",0.872727272727273,TRUE
"781008",0.0701754385964912,FALSE
"781009",0.0566037735849057,FALSE
"781016",0.415094339622642,FALSE
"781148",0.0754716981132075,FALSE
"781343",0.0535714285714286,FALSE
"781344",0.166666666666667,FALSE
"781409",0.087719298245614,FALSE
"781417",0.113207547169811,FALSE
"781468",0.0566037735849057,FALSE
"781469",0.105263157894737,FALSE
"781470",0.490566037735849,FALSE
"781514",0.0892857142857143,FALSE
"781515",0.0566037735849057,FALSE
"781516",0.0701754385964912,FALSE
"781556",0.0555555555555556,FALSE
"781626",0.087719298245614,FALSE
"781627",0.0526315789473684,FALSE
"781652",0.0526315789473684,FALSE
"781761",0.0701754385964912,FALSE
"782006",0.0892857142857143,FALSE
"782007",0.0350877192982456,FALSE
"782017",0.0701754385964912,FALSE
"782121",0.859649122807018,TRUE
"782122",0.0701754385964912,FALSE
"782125",0.0555555555555556,FALSE
"782153",0.0701754385964912,FALSE
"782164",0.0350877192982456,FALSE
"782310",0.894736842105263,TRUE
"782351",0.851851851851852,TRUE
"782362",0.0566037735849057,FALSE
"782363",0.0526315789473684,FALSE
"782457",0.789473684210526,FALSE
"782549",0.105263157894737,FALSE
"782579",0.980769230769231,TRUE
"782762",0.0526315789473684,FALSE
"782763",0.0526315789473684,FALSE
"783015",0.145454545454545,FALSE
"783102",0.0526315789473684,FALSE
"783107",0.0535714285714286,FALSE
"783249",0.132075471698113,FALSE
"783272",0.0535714285714286,FALSE
"783294",0.105263157894737,FALSE
"783296",0.12280701754386,FALSE
"783332",0.0535714285714286,FALSE
"783333",0.0526315789473684,FALSE
"783415",0.122448979591837,FALSE
"783916",0.105263157894737,FALSE
"784284",0.105263157894737,FALSE
"784415",0.0526315789473684,FALSE
"784590",0.0526315789473684,FALSE
"784591",0.0526315789473684,FALSE
"784722",0.0545454545454545,FALSE
"784815",0.192982456140351,FALSE
"784817",0.0545454545454545,FALSE
"784856",0.0576923076923077,FALSE
"785004",0.421052631578947,FALSE
"785117",0.0526315789473684,FALSE
"785222",0.0701754385964912,FALSE
"785299",0.824561403508772,TRUE
"785300",0.0535714285714286,FALSE
"785306",0.0526315789473684,FALSE
"785345",0.0526315789473684,FALSE
"785497",0.0357142857142857,FALSE
"785570",0.963636363636364,TRUE
"785657",0.037037037037037,FALSE
"786098",0.0701754385964912,FALSE
"786099",0.0526315789473684,FALSE
"786100",0.105263157894737,FALSE
"786959",0.105263157894737,FALSE
"787025",0.452830188679245,FALSE
"787026",0.421052631578947,FALSE
"787027",0.0526315789473684,FALSE
"787038",0.210526315789474,FALSE
"787039",0.127272727272727,FALSE
"787047",0.333333333333333,FALSE
"787048",0.245283018867925,FALSE
"787081",0.925925925925926,TRUE
"787137",0.5,FALSE
"787251",0.0701754385964912,FALSE
"787252",0.0526315789473684,FALSE
"787253",0.9,TRUE
"787269",0.109090909090909,FALSE
"787312",0.964912280701754,TRUE
"787326",0.105263157894737,FALSE
"787457",0.0545454545454545,FALSE
"787780",0.0545454545454545,FALSE
"787846",0.0545454545454545,FALSE
"787880",0.0701754385964912,FALSE
"787960",0.0701754385964912,FALSE
"787962",0.087719298245614,FALSE
"788120",0.0909090909090909,FALSE
"788121",0.0701754385964912,FALSE
"788186",0.0545454545454545,FALSE
"788203",0.0727272727272727,FALSE
"788365",0.0526315789473684,FALSE
"788794",0.0350877192982456,FALSE
"788900",0.0925925925925926,FALSE
"788992",0.0526315789473684,FALSE
"789040",0.105263157894737,FALSE
"789041",0.836363636363636,TRUE
"789042",0.0714285714285714,FALSE
"789043",0.181818181818182,FALSE
"789044",0.303571428571429,FALSE
"789099",0.263157894736842,FALSE
"789102",0.854545454545454,TRUE
"789223",0.929824561403509,TRUE
"789300",0.0545454545454545,FALSE
"789722",0.816326530612245,TRUE
"789797",0.696428571428571,FALSE
"789925",0.0701754385964912,FALSE
"789968",0.0526315789473684,FALSE
"789969",0.0731707317073171,FALSE
"790182",0.964912280701754,TRUE
"790865",0.280701754385965,FALSE
"791059",0.109090909090909,FALSE
"791163",0.0727272727272727,FALSE
"791164",0.309090909090909,FALSE
"791226",0.0555555555555556,FALSE
"791227",0.0545454545454545,FALSE
"791328",0.0701754385964912,FALSE
"791495",0.0714285714285714,FALSE
"791496",0.111111111111111,FALSE
"791648",0.106382978723404,FALSE
"791785",0.037037037037037,FALSE
"791966",0.0909090909090909,FALSE
"791967",0.0526315789473684,FALSE
"791968",0.0526315789473684,FALSE
"792847",0.0526315789473684,FALSE
"792848",0.087719298245614,FALSE
"792849",0.298245614035088,FALSE
"792955",0.0535714285714286,FALSE
"792956",0.0526315789473684,FALSE
"792969",0.929824561403509,TRUE
"792970",0.0363636363636364,FALSE
"792971",0.0535714285714286,FALSE
"792987",0.0357142857142857,FALSE
"792996",0.12280701754386,FALSE
"792997",0.0701754385964912,FALSE
"793103",0.508771929824561,FALSE
"793148",0.105263157894737,FALSE
"793149",0.0350877192982456,FALSE
"793150",0.0701754385964912,FALSE
"793151",0.12280701754386,FALSE
"793323",0.0350877192982456,FALSE
"793324",0.0526315789473684,FALSE
"793430",0.175438596491228,FALSE
"793585",0.0555555555555556,FALSE
"793677",0.0701754385964912,FALSE
"793679",0.113207547169811,FALSE
"793726",0.0701754385964912,FALSE
"793727",0.0701754385964912,FALSE
"794109",0.0526315789473684,FALSE
"794442",0.0526315789473684,FALSE
"794443",0.0526315789473684,FALSE
"794487",0.087719298245614,FALSE
"794589",0.28,FALSE
"794590",0.740740740740741,FALSE
"794646",0.0727272727272727,FALSE
"795067",0.0701754385964912,FALSE
"795142",0.0701754385964912,FALSE
"795384",0.0701754385964912,FALSE
"795718",0.0714285714285714,FALSE
"795781",0.578947368421053,FALSE
"796101",0.087719298245614,FALSE
"796433",0.181818181818182,FALSE
"797172",0.127272727272727,FALSE
"797393",0.508771929824561,FALSE
"797653",0.0701754385964912,FALSE
"797769",0.0555555555555556,FALSE
"797770",0.245283018867925,FALSE
"797771",0.0526315789473684,FALSE
"797772",0.0701754385964912,FALSE
"797932",0.258064516129032,FALSE
"797933",0.0701754385964912,FALSE
"797934",0.947368421052632,TRUE
"797937",0.0350877192982456,FALSE
"797938",0.0727272727272727,FALSE
"798200",0.175438596491228,FALSE
"798201",0.964912280701754,TRUE
"798202",0.0909090909090909,FALSE
"798303",0.105263157894737,FALSE
"798304",0.315789473684211,FALSE
"798517",0.0350877192982456,FALSE
"798799",0.0714285714285714,FALSE
"798846",0.526315789473684,FALSE
"799644",0.087719298245614,FALSE
"799771",0.105263157894737,FALSE
"799908",0.210526315789474,FALSE
"800019",0.910714285714286,TRUE
"800030",0.0701754385964912,FALSE
"800283",0.0909090909090909,FALSE
"800404",0.945454545454545,TRUE
"800405",0.444444444444444,FALSE
"800522",0.0714285714285714,FALSE
"800525",0.0701754385964912,FALSE
"800729",0.0714285714285714,FALSE
"800888",0.0357142857142857,FALSE
"800890",0.357142857142857,FALSE
"800892",0.105263157894737,FALSE
"800893",0.0727272727272727,FALSE
"801082",0.0727272727272727,FALSE
"801089",0.0350877192982456,FALSE
"801230",0.614035087719298,FALSE
"801661",0.0363636363636364,FALSE
"801812",0.824561403508772,TRUE
"801813",0.0701754385964912,FALSE
"801845",0.0555555555555556,FALSE
"802004",0.0740740740740741,FALSE
"802100",0.0526315789473684,FALSE
"802101",0.596153846153846,FALSE
"802450",0.0526315789473684,FALSE
"802451",0.368421052631579,FALSE
"802548",0.456140350877193,FALSE
"802820",0.0357142857142857,FALSE
"802821",0.0535714285714286,FALSE
"802822",0.0526315789473684,FALSE
"803014",0.0714285714285714,FALSE
"803247",0.947368421052632,TRUE
"803248",0.0535714285714286,FALSE
"803408",0.771929824561403,FALSE
"803409",0.0909090909090909,FALSE
"803410",0.12280701754386,FALSE
"803600",0.571428571428571,FALSE
"803601",0.0545454545454545,FALSE
"803789",0.298245614035088,FALSE
"804040",0.982456140350877,TRUE
"804041",0.0363636363636364,FALSE
"804253",0.0526315789473684,FALSE
"804254",0.0892857142857143,FALSE
"804518",0.0350877192982456,FALSE
"804520",0.0350877192982456,FALSE
"804521",0.0727272727272727,FALSE
"804861",0.0526315789473684,FALSE
"804862",0.418181818181818,FALSE
"804962",0.947368421052632,TRUE
"805149",0.0714285714285714,FALSE
"805500",0.087719298245614,FALSE
"805596",0.0714285714285714,FALSE
"805746",0.0526315789473684,FALSE
"806387",0.0892857142857143,FALSE
"806388",0.109090909090909,FALSE
"806595",0.0350877192982456,FALSE
"806812",0.245614035087719,FALSE
"807047",0.0526315789473684,FALSE
"807055",0.0727272727272727,FALSE
"807398",0.0535714285714286,FALSE
"807626",0.415094339622642,FALSE
"807627",0.09375,FALSE
"808292",0.218181818181818,FALSE
"808507",0.12280701754386,FALSE
"808789",0.0535714285714286,FALSE
"808790",0.0727272727272727,FALSE
"808792",0.0517241379310345,FALSE
"809099",0.727272727272727,FALSE
"809100",0.0545454545454545,FALSE
"809251",0.803571428571429,TRUE
"809252",0.622641509433962,FALSE
"809694",0.267857142857143,FALSE
"809970",0.272727272727273,FALSE
"809971",0.0909090909090909,FALSE
"809972",0.340909090909091,FALSE
"809973",0.714285714285714,FALSE
"810114",0.0701754385964912,FALSE
"810341",0.037037037037037,FALSE
"810717",0.0689655172413793,FALSE
"811429",0.0566037735849057,FALSE
"811953",0.0727272727272727,FALSE
"812052",0.0545454545454545,FALSE
"812172",0.0714285714285714,FALSE
"812415",0.0517241379310345,FALSE
"812727",0.254545454545455,FALSE
"812728",0.148936170212766,FALSE
"812901",0.0740740740740741,FALSE
"812902",0.0344827586206897,FALSE
"812926",0.0535714285714286,FALSE
"812927",0.0701754385964912,FALSE
"812928",0.0517241379310345,FALSE
"813380",0.137931034482759,FALSE
"813381",0.245283018867925,FALSE
"813488",0.0357142857142857,FALSE
"813783",0.0545454545454545,FALSE
"813859",0.0727272727272727,FALSE
"813862",0.12962962962963,FALSE
"814025",0.0862068965517241,FALSE
"816024",0.0526315789473684,FALSE
"816437",0.0925925925925926,FALSE
"816554",0.905660377358491,TRUE
"816555",0.0377358490566038,FALSE
"816556",0.176470588235294,FALSE
"816863",0.0862068965517241,FALSE
"816987",0.0909090909090909,FALSE
"817040",0.0517241379310345,FALSE
"817042",0.946428571428571,TRUE
"817043",0.125,FALSE
"818002",0.037037037037037,FALSE
"818003",0.0566037735849057,FALSE
"818432",0.0701754385964912,FALSE
"818433",0.0727272727272727,FALSE
"818434",0.314814814814815,FALSE
"818435",0.0714285714285714,FALSE
"818619",0.0566037735849057,FALSE
"818620",0.0892857142857143,FALSE
"818621",0.0701754385964912,FALSE
"819210",0.0892857142857143,FALSE
"819211",0.925925925925926,TRUE
"819558",0.0727272727272727,FALSE
"820052",0.0727272727272727,FALSE
"820283",0.709090909090909,FALSE
"820784",0.163265306122449,FALSE
"820832",0.0535714285714286,FALSE
"820918",0.0545454545454545,FALSE
"820919",0.0566037735849057,FALSE
"821656",0.0377358490566038,FALSE
"822744",0.0909090909090909,FALSE
"823658",0.1,FALSE
"823659",0.148148148148148,FALSE
"823806",0.303571428571429,FALSE
"823807",0.109090909090909,FALSE
"824183",0.0576923076923077,FALSE
"824184",0.0517241379310345,FALSE
"824722",0.163636363636364,FALSE
"824723",0.103448275862069,FALSE
"825088",0.78,FALSE
"825089",0.454545454545455,FALSE
"825254",0.890909090909091,TRUE
"825282",0.087719298245614,FALSE
"825286",0.103448275862069,FALSE
"825287",0.0740740740740741,FALSE
"825331",0.363636363636364,FALSE
"825332",0.706896551724138,FALSE
"825519",0.0754716981132075,FALSE
"825520",0.267857142857143,FALSE
"825521",0.0754716981132075,FALSE
"825522",0.754385964912281,FALSE
"825523",0.5,FALSE
"825713",0.0892857142857143,FALSE
"825775",0.727272727272727,FALSE
"825827",0.0526315789473684,FALSE
"825956",0.211538461538462,FALSE
"826039",0.0892857142857143,FALSE
"826040",0.964285714285714,TRUE
"826119",0.0535714285714286,FALSE
"826275",0.0727272727272727,FALSE
"826942",0.0545454545454545,FALSE
"827275",0.0943396226415094,FALSE
"827675",0.372549019607843,FALSE
"827676",0.0517241379310345,FALSE
"827802",0.929824561403509,TRUE
"827886",0.941176470588235,TRUE
"828250",0.568181818181818,FALSE
"828251",0.0545454545454545,FALSE
"828252",0.0769230769230769,FALSE
"828316",0.0714285714285714,FALSE
"828318",0.0535714285714286,FALSE
"828319",0.192982456140351,FALSE
"828583",0.929824561403509,TRUE
"828584",0.603448275862069,FALSE
"828717",0.103448275862069,FALSE
"828852",0.0689655172413793,FALSE
"828853",0.0384615384615385,FALSE
"828939",0.105263157894737,FALSE
"829066",0.962264150943396,TRUE
"829498",0.890909090909091,TRUE
"830173",0.909090909090909,TRUE
"830201",0.0517241379310345,FALSE
"830202",0.0545454545454545,FALSE
"830368",0.0545454545454545,FALSE
"830911",0.145454545454545,FALSE
"830912",0.576923076923077,FALSE
"831147",0.0357142857142857,FALSE
"831270",0.0909090909090909,FALSE
"831271",0.113207547169811,FALSE
"831453",0.0909090909090909,FALSE
"831868",0.0892857142857143,FALSE
"832046",0.672727272727273,FALSE
"832261",0.0535714285714286,FALSE
"832262",0.568965517241379,FALSE
"832263",0.981818181818182,TRUE
"832522",0.169811320754717,FALSE
"832523",0.0535714285714286,FALSE
"832772",0.0943396226415094,FALSE
"832937",0.0535714285714286,FALSE
"832938",0.0384615384615385,FALSE
"833292",0.224137931034483,FALSE
"833390",0.103448275862069,FALSE
"833745",0.0689655172413793,FALSE
"833746",0.0701754385964912,FALSE
"833899",0.96551724137931,TRUE
"833900",0.0727272727272727,FALSE
"833901",0.0714285714285714,FALSE
"833973",0.0545454545454545,FALSE
"834160",0.125,FALSE
"834161",0.0701754385964912,FALSE
"834196",0.375,FALSE
"834197",0.0943396226415094,FALSE
"834374",0.0535714285714286,FALSE
"834375",0.0363636363636364,FALSE
"835418",0.0714285714285714,FALSE
"835419",0.0754716981132075,FALSE
"835563",0.0357142857142857,FALSE
"835773",0.854545454545454,TRUE
"835774",0.0714285714285714,FALSE
"835775",0.368421052631579,FALSE
"835776",0.0566037735849057,FALSE
"835817",0.0517241379310345,FALSE
"835818",0.293103448275862,FALSE
"836049",0.155172413793103,FALSE
"836050",0.113207547169811,FALSE
"836163",0.0727272727272727,FALSE
"836407",0.0727272727272727,FALSE
"836439",0.132075471698113,FALSE
"836440",0.181818181818182,FALSE
"836824",0.0517241379310345,FALSE
"836941",0.0588235294117647,FALSE
"837081",0.0689655172413793,FALSE
"837082",0.0701754385964912,FALSE
"837396",0.431034482758621,FALSE
"837397",0.0727272727272727,FALSE
"837398",0.0566037735849057,FALSE
"837893",0.0727272727272727,FALSE
"838377",0.777777777777778,FALSE
"838762",0.0517241379310345,FALSE
"838763",0.963636363636364,TRUE
"839102",0.375,FALSE
"839303",0.754385964912281,FALSE
"839697",0.108108108108108,FALSE
"839698",0.0526315789473684,FALSE
"839699",0.207547169811321,FALSE
"839865",0.107142857142857,FALSE
"839866",0.0769230769230769,FALSE
