,NSC,NAME,index_syntable,existsNCI60,curated_index,curated_NSC,toadd-NCI60,to addinSynonyms,comments
764043,764043,(+)-JQ1,2,TRUE,2,764043,,no,
330507,330507,Tanespimycin,5,TRUE,5,330507,,no,
707545,707545,Alvespimycin,6,TRUE,6,707545,,no,
62343,62343,3-Bromopyruvate (acid),9,TRUE,9,62343,,no,
19893,19893,Fluorouracil,10,TRUE,10,19893,,no,
755,755,6-Mercaptopurine,11,TRUE,11,755,,no,
752,752,6-Thioguanine,12,TRUE,12,752,,no,
673596,673596,7-Ethyl-10-hydroxycamptothecin,13,TRUE,13,673596,,no,
755400,755400,Masitinib,19,TRUE,19,755400,,no,
749226,749226,Abiraterone,20,TRUE,20,749226,,no,
766270,766270,ABT-199,21,TRUE,21,766270,,no,
759659,759659,Navitoclax,22,TRUE,22,759659,,no,
758873,758873,ABT-737,24,TRUE,24,758873,,no,
752840,752840,Veliparib,26,TRUE,26,752840,,no,
756647,756647,Quizartinib,27,TRUE,27,756647,,no,
14229,14229,Acrichine,29,TRUE,29,14229,,no,
3053,3053,Actinomycin D,30,TRUE,30,3053,,no,
767952,767952,rocilinostat,31,TRUE,31,767952,,no,
767746,767746,ADW-742,32,TRUE,32,767746,,no,
765949,765949,AEE-788,34,TRUE,34,765949,,no,
767006,767006,AEW-541,36,TRUE,36,767006,,no,
750691,750691,Afatinib,37,TRUE,37,750691,,no,
710464,710464,AFP464,38,TRUE,38,710464,,no,
759677,759677,Alisertib,44,TRUE,44,759677,,no,
1390,1390,Allopurinol,45,TRUE,45,1390,,no,
649890,649890,Alvocidib,47,TRUE,47,649890,,no,
754346,754346,AMG-458,51,TRUE,51,754346,,no,
760843,760843,Motesanib,52,TRUE,52,760843,,no,
761069,761069,AMG-900,53,TRUE,53,761069,,no,
686288,686288,Aminoflavone,55,TRUE,55,686288,,no,
758251,758251,Amonafide,57,TRUE,57,758251,,no,
758487,758487,Ponatinib,61,TRUE,61,758487,,no,
758242,758242,Tivantinib,67,TRUE,67,758242,,no,
771644,771644,ARQ-621,68,TRUE,68,771644,,no,
764042,764042,ARRY-162,70,TRUE,70,764042,,no,
764581,764581,ARRY-380,71,TRUE,71,764581,,no,
92859,92859,Arsenic trioxide,73,TRUE,73,92859,,no,
755763,755763,Pimasertib,74,TRUE,74,755763,,no,
765865,765865,ASP-3026,79,TRUE,79,765865,,no,
758007,758007,Tivozanib,80,TRUE,80,758007,,no,
756652,756652,Linsitinib,81,TRUE,81,756652,,no,
771650,771650,AT-13148,85,TRUE,85,771650,,no,
763579,763579,AT-13387,86,TRUE,86,763579,,no,
764757,764757,SM-406,87,TRUE,87,764757,,no,
773394,773394,AT-7519,88,TRUE,88,773394,,no,
760144,760144,AT-9283,89,TRUE,89,760144,,no,
122758,122758,Isotretinoin,90,TRUE,90,122758,,no,
755762,755762,Luminespib,91,TRUE,91,755762,,no,
767601,767601,VX-944,92,TRUE,92,767601,,no,
757441,757441,Axitinib,93,TRUE,93,757441,,no,
782007,782007,AZ-628,94,TRUE,94,782007,,no,
102816,102816,Azacitidine,95,TRUE,95,102816,,no,
758872,758872,Saracatinib,96,TRUE,96,758872,,no,
756648,756648,AZD-1480,97,TRUE,97,756648,,no,
755606,755606,Cediranib,98,TRUE,98,755606,,no,
765776,765776,AZD-3514,101,TRUE,101,765776,,no,
764239,764239,AZD-4547,102,TRUE,102,764239,,no,
764039,764039,AZD-5363,103,TRUE,103,764039,,no,
741078,741078,Selumetinib,104,TRUE,104,741078,,no,
757148,757148,AZD-7762,105,TRUE,105,757148,,no,
758871,758871,AZD-8055,106,TRUE,106,758871,,no,
772563,772563,ARRY-704,107,TRUE,107,772563,,no,
758005,758005,Sapitinib,108,TRUE,108,758005,,no,
766992,766992,BAY 61-3606,115,TRUE,115,766992,,no,
758774,758774,Belinostat,118,TRUE,118,758774,,no,
138783,138783,Bendamustine,120,TRUE,120,138783,,no,
764487,764487,NVP-BGJ398,124,TRUE,124,764487,,no,
755983,755983,BI-2536,126,TRUE,126,755983,,no,
757149,757149,Volasertib,127,TRUE,127,757149,,no,
767128,767128,Birinapant,133,TRUE,133,767128,,no,
125066,125066,Bleomycin,136,TRUE,136,125066,,no,
741899,741899,BML-277,138,TRUE,138,741899,,no,
765396,765396,BMN-673,139,TRUE,139,"765396, 767125",,no,
767125,767125,BMN-673,139,TRUE,139,,,,
767048,767048,BMS-387032,143,TRUE,143,767048,,no,
761760,761760,BMS-536924,145,TRUE,145,761760,,no,
764135,764135,BMS-599626,146,TRUE,146,764135,,no,
760765,760765,BMS-690514,147,TRUE,147,760765,,no,
761217,761217,Avagacestat,148,TRUE,148,761217,,no,
758243,758243,BMS-754807,149,TRUE,149,758243,,no,
764090,764090,BMS-777607,150,TRUE,150,764090,,no,
766821,766821,BMS-911543,151,TRUE,151,766821,,no,
765694,765694,Bosutinib,154,TRUE,154,765694,,no,
764037,764037,BP-1-102,155,TRUE,155,764037,,no,
758485,758485,BX-912,162,TRUE,162,758485,,no,
761194,761194,CUDC-305,163,TRUE,163,761194,,no,
765974,765974,BYL-719,164,TRUE,164,765974,,no,
761432,761432,Cabazitaxel,166,FALSE,166,761432,,no,
761068,761068,Cabozantinib,167,TRUE,167,761068,,no,
759224,759224,Idelalisib,168,TRUE,168,759224,,no,
758252,758252,Carfilzomib,174,TRUE,174,758252,,no,
409962,409962,Carmustine,175,TRUE,175,409962,,no,
761387,761387,CCT-128930,178,TRUE,178,761387,,no,
719627,719627,Celecoxib,181,TRUE,181,719627,,no,
764334,764334,delanzomib,182,TRUE,182,764334,,no,
772196,772196,Lestaurtinib,183,TRUE,183,772196,,no,
762382,762382,CH-5132799,190,TRUE,190,762382,,no,
764091,764091,Apitolisib,191,TRUE,191,764091,,no,
36405,36405,Chelerythrine,192,TRUE,192,36405,,no,
759661,759661,Dovitinib,193,TRUE,193,759661,,no,
3088,3088,Chlorambucil,195,TRUE,195,3088,,no,
765695,765695,PD 184352,197,TRUE,197,765695,,no,
119875,119875,Cisplatin,202,TRUE,202,119875,,no,
105014,105014,Cladribine,203,TRUE,203,105014,,no,
606869,606869,Clofarabine,204,TRUE,204,606869,,no,
773265,773265,B-7100,206,TRUE,206,773265,,no,
763526,763526,Crenolanib,210,TRUE,210,763526,,no,
780042,780042,CP-724714,213,TRUE,213,780042,,no,
756645,756645,Crizotinib,216,TRUE,216,756645,,no,
782164,782164,CX-5461,223,TRUE,223,782164,,no,
759498,759498,CYC-116,225,TRUE,225,759498,,no,
701554,701554,Seliciclib,226,TRUE,226,701554,,no,
767598,767598,Momelotinib,229,TRUE,229,767598,,no,
758488,758488,Lexibulin,230,TRUE,230,758488,,no,
63878,63878,Cytarabine,231,TRUE,231,63878,,no,
764134,764134,Dabrafenib,232,TRUE,232,764134,,no,
45388,45388,Dacarbazine,233,TRUE,233,45388,,no,
777194,777194,Daporinad,234,TRUE,234,777194,,no,
732517,732517,Dasatinib,236,TRUE,236,732517,,no,
82151,82151,Daunorubicin,237,TRUE,237,82151,,no,
127716,127716,Decitabine,238,TRUE,238,127716,,no,
754143,754143,Depsipeptide,240,TRUE,240,754143,,no,
169780,169780,Dexrazoxane,244,TRUE,244,169780,,no,
764036,764036,Dinaciclib,247,TRUE,247,764036,,no,
628503,628503,Docetaxel,249,TRUE,249,628503,,no,
123127,123127,Doxorubicin,251,TRUE,251,123127,,no,
777573,777573,E-7820,253,TRUE,253,777573,,no,
758244,758244,tepotinib,262,TRUE,262,758244,,no,
774651,774651,Cilengitide,263,TRUE,263,774651,,no,
763564,763564,EMD-534085,264,TRUE,264,763564,,no,
758245,758245,ENMD-2076,266,TRUE,266,758245,,no,
756642,756642,Entinostat,268,TRUE,268,756642,,no,
256942,256942,Epirubicin,271,TRUE,271,256942,,no,
718781,718781,Erlotinib,274,TRUE,274,718781,,no,
702294,702294,Estramustine,275,TRUE,275,702294,,no,
141540,141540,Etoposide,278,TRUE,278,141540,,no,
733504,733504,Everolimus,279,TRUE,279,733504,,no,
27640,27640,Floxuridine,288,TRUE,288,27640,,no,
118218,118218,Fludarabine,289,TRUE,289,"118218, 312887",,no,
312887,312887,Fludarabine,289,TRUE,289,,,,
755775,755775,Foretinib,294,TRUE,294,755775,,no,
719276,719276,Fulvestrant,298,TRUE,298,719276,,no,
767898,767898,ipatasertib,300,TRUE,300,767898,,no,
765898,765898,GDC-0152,301,TRUE,301,765898,,no,
755385,755385,Pictilisib,303,TRUE,303,755385,,no,
715055,715055,Gefitinib,304,TRUE,304,715055,,no,
613327,613327,Gemcitabine,306,TRUE,306,613327,,no,
768112,768112,SAR-402674,308,TRUE,308,768112,,no,
766255,766255,CT-GSK183,313,TRUE,313,766255,,no,
767951,767951,GSK-1904529A,314,TRUE,314,767951,,no,
764092,764092,GSK-2126458,315,TRUE,315,764092,,no,
759658,759658,6-(4-pyrimidinyl)-1H-indazole derivative,316,TRUE,316,759658,,no,
768508,768508,GSK-2636771,317,TRUE,317,768508,,no,
754354,754354,GSK-461364,318,TRUE,318,754354,,no,
766991,766991,GSK-690693,320,TRUE,320,766991,,no,
777445,777445,GSK-1070916,322,TRUE,322,777445,,no,
755766,755766,H-89,330,TRUE,330,755766,,no,
758253,758253,Homoharringtonine,334,TRUE,334,758253,,no,
758486,758486,HPI-1,335,TRUE,335,758486,,no,
32065,32065,Hydroxyurea,337,TRUE,337,32065,,no,
774829,774829,I-BET-762,340,TRUE,340,774829,,no,
761910,761910,Ibrutinib,341,TRUE,341,761910,,no,
756641,756641,ICG-001,342,TRUE,342,756641,,no,
256439,256439,Idarubicin,343,TRUE,343,256439,,no,
772564,772564,IDH-C227,344,TRUE,344,772564,,no,
743414,743414,Imatinib,347,TRUE,347,743414,,no,
369100,369100,Imiquimod,349,TRUE,349,369100,,no,
772469,772469,IPI-145,352,TRUE,352,772469,,no,
767123,767123,Saridegib,356,TRUE,356,767123,,no,
616348,616348,Irinotecan,357,TRUE,357,616348,,no,
683863,683863,Irofulven,358,TRUE,358,683863,,no,
788186,788186,Bafetinib,359,TRUE,359,788186,,no,
789042,789042,LOR-253,360,TRUE,360,789042,,no,
755386,755386,Ispinesib,361,TRUE,361,755386,,no,
747973,747973,Ixabepilone,368,TRUE,368,747973,,no,
759657,759657,Quisinostat,370,TRUE,370,759657,,no,
754345,754345,JNJ-28312141,373,TRUE,373,754345,,no,
759095,759095,JNJ-38877605,374,TRUE,374,759095,,no,
763527,763527,JZL-195,381,TRUE,381,763527,,no,
639966,639966,Perifosine,395,TRUE,395,639966,,no,
787962,787962,KU-55933,396,TRUE,396,787962,,no,
759675,759675,KW-2449,397,TRUE,397,759675,,no,
756643,756643,KX-01,398,TRUE,398,756643,,no,
813862,813862,Lapachone,400,TRUE,400,813862,,no,
745750,745750,Lapatinib,401,TRUE,401,745750,,no,
772868,772868,LCL-161,404,TRUE,404,772868,,no,
755980,755980,Lenvatinib,407,TRUE,407,755980,,no,
756879,756879,Lificguat,411,TRUE,411,756879,,no,
756660,756660,Quercetin,415,TRUE,415,756660,,no,
79037,79037,Lomustine,417,TRUE,417,79037,,no,
772198,772198,LY-2090314,418,TRUE,418,772198,,no,
766820,766820,LY-2228820,421,TRUE,421,766820,,no,
761188,761188,Rabusertib,422,TRUE,422,761188,,no,
764820,764820,Gandotinib,424,TRUE,424,764820,,no,
768073,768073,LY-2835219,426,TRUE,426,768073,,no,
771750,771750,LY-2874455,427,TRUE,427,771750,,no,
755769,755769,LY-294002,428,TRUE,428,755769,,no,
767124,767124,Enzastaurin,430,TRUE,430,767124,,no,
71423,71423,Megestrol Acetate,434,TRUE,434,71423,,no,
8806,8806,Melphalan,435,TRUE,435,8806,,no,
740,740,Methotrexate,436,TRUE,436,740,,no,
760143,760143,Mocetinostat,439,TRUE,439,760143,,no,
782153,782153,MG-132,440,TRUE,440,782153,,no,
791059,791059,MGCD-265,441,TRUE,441,791059,,no,
24559,24559,Mithramycin,443,TRUE,443,24559,,no,
26980,26980,Mitomycin,444,TRUE,444,26980,,no,
38721,38721,Mitotane,445,TRUE,445,38721,,no,
279836,279836,Mitoxantrone,446,TRUE,446,279836,,no,
754352,754352,Adavosertib,449,TRUE,449,754352,,no,
756656,756656,MK-2206,450,TRUE,450,756656,,no,
764580,764580,MK-2461,451,TRUE,451,764580,,no,
773262,773262,VX-689,453,TRUE,453,773262,,no,
761692,761692,MK-8033,454,TRUE,454,761692,,no,
757440,757440,Deforolimius,455,TRUE,455,757440,,no,
766907,766907,Ixazomib,457,TRUE,457,766907,,no,
766906,766906,MLN-2480,458,TRUE,458,766906,,no,
761192,761192,Pevonedistat,459,TRUE,459,761192,,no,
760841,760841,Tandutinib,460,TRUE,460,760841,,no,
758254,758254,Ixazomib citrate,462,TRUE,462,758254,,no,
754349,754349,Amuvatinib,463,TRUE,463,754349,,no,
755985,755985,Nelarabine,467,TRUE,467,755985,,no,
757439,757439,Neratinib,469,TRUE,469,757439,,no,
747599,747599,Nilotinib,471,TRUE,471,747599,,no,
762,762,Nitrogen mustard,340;473,TRUE,473,762,,no,
756876,756876,(-)-Nutlin-3,478,TRUE,478,756876,,no,
820919,820919,NA,479,TRUE,479,820919,,no,
764041,764041,TAE-684,480,TRUE,480,764041,,no,
637037,637037,O-6-Benzylguanine,481,TRUE,481,637037,,no,
753686,753686,Olaparib,483,TRUE,483,753686,,no,
754344,754344,Rigosertib,484,TRUE,484,754344,,no,
759660,759660,OSI-027,489,TRUE,489,759660,,no,
756657,756657,OSU-03012,491,TRUE,491,756657,,no,
266046,266046,Oxaliplatin,494,TRUE,494,266046,,no,
125973,125973,Paclitaxel,498,TRUE,498,125973,,no,
758247,758247,Palbociclib,499,TRUE,499,758247,,no,
761190,761190,Panobinostat,500,TRUE,500,761190,,no,
737754,737754,Pazopanib,503,TRUE,503,737754,,no,
764136,764136,Abexinostat,505,TRUE,505,764136,,no,
755770,755770,PD-0325901,506,TRUE,506,755770,,no,
766908,766908,PD 173074,507,TRUE,507,766908,,no,
679828,679828,PD-98059,508,TRUE,508,679828,,no,
755384,755384,Pemetrexed,511,TRUE,511,755384,,no,
760536,760536,PF-04691502,517,TRUE,517,760536,,no,
768509,768509,SNX-5422,518,TRUE,518,768509,,no,
758256,758256,PKI-587,519,TRUE,519,758256,,no,
765888,765888,Dacomitinib,520,TRUE,520,765888,,no,
763444,763444,PF-477736,523,TRUE,523,763444,,no,
754356,754356,PF-562271,525,TRUE,525,754356,,no,
777448,777448,PFI-1,526,TRUE,526,777448,,no,
766271,766271,PHA-665752,527,TRUE,527,766271,,no,
759676,759676,PI-103,530,TRUE,530,"759676, 776996",,no,
776996,776996,PI-103,530,TRUE,530,,,,
25154,25154,Pipobroman,535,TRUE,535,25154,,no,
757438,757438,PLX-4720,538,TRUE,538,757438,,no,
764515,764515,PP-242,540,TRUE,540,764515,,no,
754230,754230,Pralatrexate,541,TRUE,541,754230,,no,
77213,77213,Procarbazine,542,TRUE,542,77213,,no,
722134,722134,Sonolisib,546,TRUE,546,722134,,no,
760444,760444,Tipifarnib,553,TRUE,553,760444,,no,
767953,767953,R-1530,554,TRUE,554,767953,,no,
824183,824183,NA,556,TRUE,556,824183,,no,
773094,773094,R-547,557,TRUE,557,773094,,no,
754357,754357,RAF-265,558,TRUE,558,754357,,no,
747974,747974,Raloxifene,559,TRUE,559,747974,,no,
639186,639186,Raltitrexed,560,TRUE,560,639186,,no,
226080,226080,Rapamycin,562,TRUE,562,226080,,no,
765866,765866,Refametinib,563,TRUE,563,765866,,no,
771532,771532,GDC-0349,569,TRUE,569,771532,,no,
758248,758248,RO-5126766,573,TRUE,573,758248,,no,
767600,767600,Fedratinib,579,TRUE,579,767600,,no,
762673,762673,SB-1317,581,TRUE,581,762673,,no,
754362,754362,SB-590885,587,TRUE,587,754362,,no,
773261,773261,GSK-921,588,TRUE,588,773261,,no,
758249,758249,Pracinostat,589,TRUE,589,758249,,no,
763525,763525,Pluripotin,591,TRUE,591,763525,,no,
764659,764659,SCH-900776,593,TRUE,593,764659,,no,
758591,758591,SGX-523,598,TRUE,598,758591,,no,
758250,758250,SNS-314,605,TRUE,605,758250,,no,
765435,765435,Ganetespib,611,TRUE,611,765435,,no,
750690,750690,Sunitinib,615,TRUE,615,750690,,no,
761215,761215,TAK-733,622,TRUE,622,761215,,no,
762151,762151,TAK-901,623,TRUE,623,762151,,no,
768072,768072,TAK-960,624,TRUE,624,768072,,no,
180973,180973,Tamoxifen,626,TRUE,626,180973,,no,
683864,683864,Temsirolimus,631,TRUE,631,683864,,no,
122819,122819,Teniposide,632,TRUE,632,122819,,no,
6396,6396,Thiotepa,640,TRUE,640,6396,,no,
758484,758484,Ezatiostat,645,TRUE,645,758484,,no,
609699,609699,Topotecan,646,TRUE,646,609699,,no,
758246,758246,Trametinib,650,TRUE,650,758246,,no,
9706,9706,Triethylenemelamine,652,TRUE,652,9706,,no,
764517,764517,UNC-0638,658,TRUE,658,764517,,no,
34462,34462,Uracil Mustard,660,TRUE,660,34462,,no,
246131,246131,Valrubicin,662,TRUE,662,246131,,no,
760766,760766,Vandetanib,663,TRUE,663,760766,,no,
764823,764823,Varlitinib,664,TRUE,664,764823,,no,
761070,761070,VE-821,665,TRUE,665,761070,,no,
761431,761431,Vemurafenib,666,TRUE,666,761431,,no,
49842,49842,Vinblastine,668,TRUE,668,49842,,no,
67574,67574,Vincristine,669,TRUE,669,67574,,no,
608210,608210,Vinorelbine,670,TRUE,670,608210,,no,
701852,701852,Vorinostat,673,TRUE,673,701852,,no,
221019,221019,Wortmannin,680,TRUE,680,221019,,no,
755761,755761,XAV-939,685,TRUE,685,755761,,no,
772887,772887,XL-019,687,TRUE,687,772887,,no,
772351,772351,XL-888,692,TRUE,692,772351,,no,
751297,751297,Y-27632,699,TRUE,699,751297,,no,
765436,765436,YK-4-279,702,TRUE,702,765436,,no,
755387,755387,Sepantronium bromide,703,TRUE,703,755387,,no,
758489,758489,Indibulin,708,TRUE,708,758489,,no,
756654,756654,ZM-336372,709,TRUE,709,756654,,no,
764516,764516,ZSTK-474,712,TRUE,712,764516,,no,
800888,800888,CFI-402257,737,TRUE,737,800888,,no,
781556,781556,JNJ-42756493,739,TRUE,739,781556,,no,
792971,792971,CC-223,742,TRUE,742,792971,,no,
762521,762521,RO-4987655,743,TRUE,743,762521,,no,
764481,764481,Brivanib,744,TRUE,744,764481,,no,
787026,787026,BAY-1217389,745,TRUE,745,787026,,no,
805149,805149,TP-3654,747,TRUE,747,805149,,no,
777879,777879,AM-5992,750,TRUE,750,777879,,no,
787457,787457,brigatinib,752,TRUE,752,787457,,no,
790865,790865,EPZ-020411,753,TRUE,753,790865,,no,
784856,784856,CPI-0610,754,TRUE,754,784856,,no,
757444,757444,Barasertib,755,TRUE,755,757444,,no,
778368,778368,GSK-2141795,756,TRUE,756,778368,,no,
801230,801230,BMS-986158,757,TRUE,757,801230,,no,
781344,781344,NMS-1286937,760,TRUE,760,781344,,no,
350625,350625,tic10,763,TRUE,763,350625,,no,
783102,783102,VS-4718,764,TRUE,764,783102,,no,
781761,781761,LY-3009120,765,TRUE,765,781761,,no,
779405,779405,CO-1686,767,TRUE,767,779405,,no,
784590,784590,altiratinib,768,TRUE,768,784590,,no,
789041,789041,GSK-295,769,TRUE,769,789041,,no,
783415,783415,CB-839,774,TRUE,774,783415,,no,
782121,782121,volitinib,778,TRUE,778,782121,,no,
789925,789925,ABL-001,780,TRUE,780,789925,,no,
789099,789099,LY-3154567,782,TRUE,782,789099,,no,
789969,789969,SB-202190,784,TRUE,784,789969,,no,
781516,781516,entosplenitib,785,TRUE,785,781516,,no,
797770,797770,CEP-40783,789,TRUE,789,797770,,no,
789968,789968,LY-3023414,790,TRUE,790,789968,,no,
788365,788365,PF-06747775,791,TRUE,791,788365,,no,
782006,782006,PTC-691,792,TRUE,792,782006,,no,
789043,789043,ARV-825,794,TRUE,794,789043,,no,
798303,798303,BPTES,795,TRUE,795,798303,,no,
793148,793148,RX-5902,797,TRUE,797,793148,,no,
791495,791495,GDC-0339,800,TRUE,800,791495,,no,
777639,777639,LGK-974,801,TRUE,801,777639,,no,
777572,777572,AZD-8186,802,TRUE,802,777572,,no,
786098,786098,BAY-1143572,803,TRUE,803,786098,,no,
778810,778810,VS-5584,807,TRUE,807,778810,,no,
778448,778448,Ombrabulin,808,TRUE,808,778448,,no,
775306,775306,P-529,809,FALSE,809,775306,,no,
787846,787846,gilteritinib,810,TRUE,810,787846,,no,
774769,774769,NMS-E628,813,TRUE,813,774769,,no,
776762,776762,EXEL-7647,814,TRUE,814,776762,,no,
792956,792956,AZD-0156,815,TRUE,815,792956,,no,
793324,793324,BAY-1125976,817,TRUE,817,793324,,no,
782549,782549,Defactinib,819,TRUE,819,782549,,no,
781148,781148,CEP-37440,820,TRUE,820,781148,,no,
777718,777718,VE-822,821,TRUE,821,777718,,no,
784415,784415,Danusertib,827,TRUE,827,784415,,no,
789722,789722,Litronesib,828,TRUE,828,789722,,no,
781515,781515,AMG-232,829,TRUE,829,781515,,no,
784722,784722,aldoxorubicin,831,TRUE,831,784722,,no,
779404,779404,RG-7388,833,TRUE,833,779404,,no,
785657,785657,RX-3117,835,TRUE,835,785657,,no,
780020,780020,spebrutinib,839,TRUE,839,780020,,no,
785117,785117,PQR-309,842,TRUE,842,785117,,no,
785345,785345,Bet-BAY-002,843,TRUE,843,785345,,no,
795384,795384,serabelisib,844,TRUE,844,795384,,no,
787047,787047,AZD-3965,846,TRUE,846,787047,,no,
777571,777571,BIX-01294,848,TRUE,848,777571,,no,
788203,788203,sitravatinib,849,TRUE,849,788203,,no,
797653,797653,WT-161,851,TRUE,851,797653,,no,
774830,774830,Milciclib,852,TRUE,852,774830,,no,
792848,792848,olmutinib,856,TRUE,856,792848,,no,
787252,787252,TAE-226,857,TRUE,857,787252,,no,
787880,787880,OTS-964,859,TRUE,859,787880,,no,
797771,797771,ulixertinib,861,TRUE,861,797771,,no,
803410,803410,LY-3214996,863,TRUE,863,803410,,no,
782763,782763,cs-1730,865,TRUE,865,782763,,no,
782762,782762,E-3810,866,TRUE,866,782762,,no,
774831,774831,Rebastinib,867,TRUE,867,774831,,no,
801661,801661,TAK-931,868,TRUE,868,801661,,no,
782363,782363,CH-5183284,869,TRUE,869,782363,,no,
755773,755773,"1,9-Pyrazoleanthrone",870,TRUE,870,755773,,no,
778305,778305,Afuresertib,872,TRUE,872,778305,,no,
792987,792987,GDC-0084,873,TRUE,873,792987,,no,
788121,788121,AZD-3759,875,TRUE,875,788121,,no,
795067,795067,IPI-549,877,TRUE,877,795067,,no,
777425,777425,GDC-0032,879,TRUE,879,777425,,no,
781468,781468,CUDC-427,881,TRUE,881,781468,,no,
779218,779218,CEP-28122,890,TRUE,890,779218,,no,
800522,800522,TPX-0005,891,TRUE,891,800522,,no,
802100,802100,ON-123300,892,TRUE,892,802100,,no,
791966,791966,CFI-400945,893,TRUE,893,791966,,no,
791164,791164,acalabrutinib,894,TRUE,894,791164,,no,
768068,768068,Cobimetinib (isomer 1),895,TRUE,895,"768068, 778590",,no,
778590,778590,Cobimetinib (isomer 1),895,TRUE,895,,,,
776422,776422,LDK-378,897,TRUE,897,776422,,no,
798846,798846,S-63845,899,TRUE,899,798846,,no,
804962,804962,FGF-401,903,TRUE,903,804962,,no,
783107,783107,E-7449,904,TRUE,904,783107,,no,
784815,784815,AZD-3147,905,TRUE,905,784815,,no,
793103,793103,ABBV-075,909,TRUE,909,793103,,no,
776066,776066,AZD-1208,910,TRUE,910,776066,,no,
780249,780249,AZD-6738,911,TRUE,911,780249,,no,
785299,785299,EPZ-015666,915,TRUE,915,785299,,no,
794646,794646,AMG-51,917,TRUE,917,794646,,no,
781627,781627,GSK-2606414,919,TRUE,919,781627,,no,
797938,797938,AZD-5153,921,TRUE,921,797938,,no,
777877,777877,PF-4989216,922,TRUE,922,777877,,no,
797772,797772,selonsertib,923,TRUE,923,797772,,no,
75520,75520,tfdu,924,TRUE,924,75520,,no,
780108,780108,PF-06463922,928,TRUE,928,780108,,no,
795142,795142,M2698,931,TRUE,931,795142,,no,
764582,764582,10058-F4,932,TRUE,932,764582,,no,
776787,776787,AZD-3463,934,TRUE,934,776787,,no,
778909,778909,LEE-011,935,TRUE,935,778909,,no,
783015,783015,CGM-097,936,TRUE,936,783015,,no,
782122,782122,AMG-511,938,TRUE,938,782122,,no,
787326,787326,GDC-0810,939,TRUE,939,787326,,no,
780204,780204,TAS-116,940,TRUE,940,780204,,no,
793149,793149,BAY-876,942,TRUE,942,793149,,no,
781009,781009,MI-773,944,TRUE,944,781009,,no,
804254,804254,SHP-099,945,TRUE,945,804254,,no,
787025,787025,BAY-1161909,948,TRUE,948,787025,,no,
786099,786099,AZD-8835,950,TRUE,950,786099,,no,
775636,775636,SCH-772984,953,TRUE,953,775636,,no,
764238,764238,6-Bromoindirubin-3'-Acetoxime,954,TRUE,954,764238,,no,
792970,792970,KPT-9274,955,TRUE,955,792970,,no,
776017,776017,Telatinib,959,TRUE,959,776017,,no,
797932,797932,PLX-8394,960,TRUE,960,797932,,no,
797937,797937,Sulfatinib,962,TRUE,962,797937,,no,
778747,778747,OTX-015,963,TRUE,963,778747,,no,
781343,781343,GDC-0994,964,TRUE,964,781343,,no,
800893,800893,milademetan,968,TRUE,968,800893,,no,
791226,791226,SAR-245409,969,TRUE,969,791226,,no,
785004,785004,MLN-7243,971,TRUE,971,785004,,no,
783296,783296,poziotinib,972,TRUE,972,783296,,no,
791496,791496,APR-246,973,TRUE,973,791496,,no,
800030,800030,LXS-196,975,TRUE,975,800030,,no,
787137,787137,AMG-319,976,TRUE,976,787137,,no,
797934,797934,Plinabulin,977,TRUE,977,797934,,no,
798799,798799,GS-9901,978,TRUE,978,798799,,no,
778366,778366,EXEL-2280,981,TRUE,981,778366,,no,
787039,787039,MI-503,1053,TRUE,1053,787039,,no,
793151,793151,CC-115,1101,TRUE,1101,793151,,no,
775771,775771,BMS-863233,1175,TRUE,1175,775771,,no,
780203,780203,selinexor,1179,TRUE,1179,780203,,no,
779217,779217,osimertinib,1322,TRUE,1322,779217,,no,
778304,778304,Encorafenib,1406,TRUE,1406,778304,,no,
823807,823807,NA,1419,TRUE,1419,823807,,no,
825331,825331,NA,1428,TRUE,1428,825331,,no,
800525,800525,BAY-1895344,1452,TRUE,1452,800525,,no,
798200,798200,TP-0903,1485,TRUE,1485,798200,,no,
780290,780290,SAR-260301 (enantiomer 1),1513,TRUE,1513,"780290, 780291",,no,
780291,780291,SAR-260301 (enantiomer 1),1513,TRUE,1513,,,,
792955,792955,GSK-2194069,1547,TRUE,1547,792955,,no,
794109,794109,LGH-447,1578,TRUE,1578,794109,,no,
788900,788900,napabucasin,1764,TRUE,1764,788900,,no,
776043,776043,CEP-32496,1836,TRUE,1836,776043,,no,
791967,791967,TAK-659 (isomer 1),1841,TRUE,1841,"791967, 791968",,no,
791968,791968,TAK-659 (isomer 1),1841,TRUE,1841,,,,
784591,784591,CCT-251545,2013,TRUE,2013,784591,,no,
792996,792996,ARQ-087,2019,TRUE,2019,792996,,no,
825827,825827,NA,2027,TRUE,2027,825827,,no,
800405,800405,umbralisib,2066,TRUE,2066,800405,,no,
793150,793150,ensartinib,2135,TRUE,2135,793150,,no,
781470,781470,PF-03758309,2253,TRUE,2253,781470,,no,
759905,759905,4SC-202,2379,TRUE,2379,759905,,no,
825089,825089,NA,2487,TRUE,2487,825089,,no,
784817,784817,A-1210477,2630,TRUE,2630,784817,,no,
678515,678515,FAU,2682,FALSE,2682,678515,,no,
764040,764040,Alectinib,2879,TRUE,2879,"764040, 764821",,no,
764821,764821,Alectinib,2879,TRUE,2879,,,,
761385,761385,Sonidegib,*1,TRUE,1,761385,yes,yes,
774901,774901,AZD-2858,*100,TRUE,100,774901,yes,yes,
793585,793585,LY-3177833,*1012,FALSE,1012,793585,,yes,
775727,775727,Torin2,*1032,FALSE,1032,775727,,yes,
776821,776821,CCT-241533,*1095,FALSE,1095,776821,,yes,
764608,764608,BAL-101553,*110,TRUE,110,764608,yes,yes,
762598,762598,BAL-27862,*111,FALSE,111,762598,,yes,
768536,768536,BAM7,*112,FALSE,112,768536,,yes,
142784,142784,Tempol,*1136,FALSE,1136,142784,,yes,
782457,782457,VBY-825,*1142,FALSE,1142,782457,,yes,
786100,786100,CB-5083,*1207,FALSE,1207,786100,,yes,
798202,798202,fenebrutinib,*1227,FALSE,1227,798202,,yes,
751249,751249,Dactolisib,*123,FALSE,123,751249,,yes,
800892,800892,evobrutinib,*1240,FALSE,1240,800892,,yes,
793727,793727,CCT-251921,*1241,FALSE,1241,793727,,yes,
773095,773095,BGT-226,*125,FALSE,125,773095,,yes,
756659,756659,Intedanib,*129,TRUE,129,756659,yes,yes,
760842,760842,BIM-46187,*131,FALSE,131,760842,,yes,
789102,789102,ivosidenib,*1316,FALSE,1316,789102,,yes,
754353,754353,Buparlisib,*135,TRUE,135,754353,yes,yes,
785222,785222,BMS-983970,*1352,FALSE,1352,785222,,yes,
758006,758006,BLZ-945,*137,FALSE,137,758006,,yes,
793430,793430,CPI-1205,*1383,FALSE,1383,793430,,yes,
777446,777446,Talmapimod,*1390,FALSE,1390,777446,,yes,
762672,762672,BMS-299897,*141,FALSE,141,762672,,yes,
801812,801812,CPI-444,*1417,FALSE,1417,801812,,yes,
780812,780812,BMS-906024,*1470,FALSE,1470,780812,,yes,
788992,788992,OICR-9429,*1487,FALSE,1487,788992,,yes,
792849,792849,itacitinib,*1494,FALSE,1494,792849,,yes,
756655,756655,Bortezomib,*153,FALSE,153,756655,,yes,
755389,755389,Bosutinib,*154,TRUE,154,755389,yes,yes,
767897,767897,BPR1J-097,*156,TRUE,156,767897,yes,yes,
752493,752493,Iniparib,*158,TRUE,158,752493,yes,yes,
750,750,Busulfan,*159,FALSE,159,750,,yes,
782579,782579,PCI-27483,*1635,FALSE,1635,782579,,yes,
764756,764756,C-75,*165,FALSE,165,764756,,yes,
764755,764755,Cerulenin,*1650,TRUE,1650,764755,yes,yes,
800283,800283,H3B-6527,*1672,FALSE,1672,800283,,yes,
130181,130181,Tirapazamine,*1683,FALSE,1683,130181,,yes,
795718,795718,BLU-554,*1700,FALSE,1700,795718,,yes,
781514,781514,AMG-925,*1705,FALSE,1705,781514,,yes,
786959,786959,AZD-9496,*1725,TRUE,1725,786959,yes,yes,
754350,754350,CB-64D,*177,TRUE,177,754350,yes,yes,
804253,804253,pamiparib,*1806,FALSE,1806,804253,,yes,
768593,768593,CEP-9722,*184,TRUE,184,768593,yes,yes,
782310,782310,CPI-169,*1842,FALSE,1842,782310,,yes,
789223,789223,AMG-337,*1855,FALSE,1855,789223,,yes,
754360,754360,MI-219,*186,TRUE,186,754360,yes,yes,
803014,803014,tenalisib,*1861,FALSE,1861,803014,,yes,
772499,772499,Vatalanib,*189,TRUE,189,772499,yes,yes,
788120,788120,enasidenib,*1905,FALSE,1905,788120,,yes,
785300,785300,BLU-9931,*1921,FALSE,1921,785300,,yes,
792969,792969,VX-984,*1964,FALSE,1964,792969,,yes,
789040,789040,CBL-0137,*2034,FALSE,2034,789040,,yes,
781469,781469,BMS-833923,*2071,FALSE,2071,781469,,yes,
761690,761690,CP-91149,*211,FALSE,211,761690,,yes,
757334,757334,Cpd-401,*214,TRUE,214,757334,yes,yes,
804862,804862,EPZ-031686,*2161,FALSE,2161,804862,,yes,
762419,762419,CT-32228,*218,TRUE,218,762419,yes,yes,
787253,787253,LY-3039478,*2197,FALSE,2197,787253,,yes,
771751,771751,CUDC-907,*220,FALSE,220,771751,,yes,
761193,761193,Silmitasertib,*222,TRUE,222,761193,yes,yes,
796101,796101,ABC-294640,*2233,FALSE,2233,796101,,yes,
765889,765889,ABT-348,*23,TRUE,23,765889,yes,yes,
797933,797933,tirabrutinib,*2344,FALSE,2344,797933,,yes,
775351,775351,Pomalidomide,*2351,FALSE,2351,775351,,yes,
782351,782351,tofacitinib,*2358,FALSE,2358,782351,,yes,
781409,781409,AGI-6780,*2405,FALSE,2405,781409,,yes,
762154,762154,Des-fluoro-TAK-960,*241,TRUE,241,762154,yes,yes,
787312,787312,PT-2385,*2427,FALSE,2427,787312,,yes,
800019,800019,PF-06821497,*2449,FALSE,2449,800019,,yes,
764237,764237,Linifanib,*25,FALSE,25,764237,,yes,
761189,761189,Teglarinad,*255,TRUE,255,761189,yes,yes,
803408,803408,EED-226,*2599,FALSE,2599,803408,,yes,
767954,767954,EMD-1204831,*262,TRUE,262,767954,yes,yes,
779408,779408,Deltarasin,*2643,FALSE,2643,779408,,yes,
768070,768070,enantiomer of PF-4176340,*265,TRUE,265,"768070, 768071",yes,yes,
768071,768071,enantiomer of PF-4176340,*265,TRUE,265,,,,
764609,764609,10074-G5,*2650,FALSE,2650,764609,,yes,
759094,759094,ENMD-2076 Precursor,*267,TRUE,267,759094,yes,yes,
755605,755605,Enzalutamide,*269,TRUE,269,755605,yes,yes,
794487,794487,BAY-1436032,*2700,FALSE,2700,794487,,yes,
713563,713563,Exemestane,*281,FALSE,281,713563,,yes,
803600,803600,AG-881,*2813,FALSE,2813,803600,,yes,
800404,800404,GSK-3326595,*2814,FALSE,2814,800404,,yes,
783294,783294,VT-464,*2820,TRUE,2820,783294,yes,yes,
813783,813783,Trabectedin,*2856,FALSE,2856,813783,,yes,
772992,772992,Fostamatinib,*295;1833,TRUE,1833,772992,yes,yes,correct 295 nciSclc 772992 + synonym list
755986,755986,Vismodegib,*302,TRUE,302,755986,yes,yes,
755765,755765,GW-5074,*327,TRUE,327,755765,yes,yes,
756663,756663,Obatoclax,*329,TRUE,329,756663,yes,yes,
766819,766819,Sotrastaurin,*33,FALSE,33,766819,,yes,
782017,782017,H-89,*330,FALSE,330,782017,,yes,
773096,773096,IDH-C35,*345,TRUE,345,773096,yes,yes,
754359,754359,AEG-40730,*35,TRUE,35,754359,yes,yes,
763371,763371,Ruxolitinib,*350,TRUE,350,763371,yes,yes,
764658,764658,INK-128,*353,TRUE,353,764658,yes,yes,
761879,761879,ITRI-260,*364,TRUE,364,761879,yes,yes,
756646,756646,IWR-1,*367,TRUE,367,756646,yes,yes,
754358,754358,TDP-665759,*372,FALSE,372,754358,,yes,
763094,763094,JZL-184,*380,FALSE,380,763094,,yes,
755771,755771,Salirasib,*384,FALSE,384,755771,,yes,
756644,756644,Rucaparib,*39,FALSE,39,756644,,yes,
772595,772595,KPT-185,*393,TRUE,393,772595,yes,yes,
773260,773260,KPT-251,*394,TRUE,394,773260,yes,yes,
767745,767745,Pelitrexol,*40;509;510,TRUE,40,767745,yes,yes,
719345,719345,Letrozole,*409,FALSE,409,719345,,yes,
787251,787251,lomeguatrib,*416,FALSE,416,787251,,yes,
765632,765632,LY-2109761,*419,FALSE,419,765632,,yes,
761216,761216,Galunisertib,*420,FALSE,420,761216,,yes,
758257,758257,LY-2606368,*423,TRUE,423,758257,yes,yes,
772197,772197,LY-2801653,*425,TRUE,425,772197,yes,yes,
767896,767896,LY-2940680,*429,TRUE,429,767896,yes,yes,
45923,45923,Methoxsalen,*437,FALSE,437,45923,,yes,
762829,762829,MK-0752,*447,TRUE,447,762829,yes,yes,
766811,766811,Odanacatib,*448,FALSE,448,766811,,yes,
754355,754355,Niraparib,*452,FALSE,452,754355,,yes,
767470,767470,MLN-0905,*456,TRUE,456,767470,yes,yes,
765395,765395,MPC-3100,*464,TRUE,464,765395,yes,yes,
756874,756874,NU-6027,*476,FALSE,476,756874,,yes,
755774,755774,Staurosporine,*48,FALSE,48,755774,,yes,
764764,764764,ONX-0801,*485,TRUE,485,764764,yes,yes,
781626,781626,Pacritinib,*486,FALSE,486,781626,,yes,
766254,766254,Oprozomib,*487,FALSE,487,766254,,yes,
762152,762152,ONX-0914,*488,TRUE,488,762152,yes,yes,
758490,758490,Picoplatin,*49,FALSE,49,758490,,yes,
766887,766887,OSI-930,*490,FALSE,490,766887,,yes,
756658,756658,OSU-03013,*492,FALSE,492,756658,,yes,
766288,766288,AMG-208,*50,FALSE,50,766288,,yes,
761266,761266,Motexafin,*504,FALSE,504,761266,,yes,
772290,772290,Pelitrexol isomer A,*509,TRUE,509,772290,yes,yes,
772291,772291,Pelitrexol isomer B,*510,TRUE,510,772291,yes,yes,
754348,754348,PF-03084014 diastereomer 1,*515,TRUE,515,"754348, 755926",yes,yes,
755926,755926,PF-03084014 diastereomer 1,*515,TRUE,515,,,,
772885,772885,PF-4942847,*524,TRUE,524,772885,yes,yes,
755984,755984,Pralatrexate,*541,TRUE,541,755984,yes,yes,
772498,772498,r406,*555,FALSE,555,772498,,yes,
18509,18509,Aminolevulinic acid,*56,FALSE,56,18509,,yes,
763932,763932,Regorafenib,*565,FALSE,565,763932,,yes,
756650,756650,RO-4929097,*566,FALSE,566,756650,,yes,
809100,809100,RG-7112,*567,TRUE,567,809100,yes,yes,
757437,757437,Salinomycin,*576,TRUE,576,757437,yes,yes,
771652,771652,SAR-125844,*578,TRUE,578,771652,yes,yes,
755772,755772,SB-203580,*583,FALSE,583,755772,,yes,
756653,756653,SB-239063,*584,FALSE,584,756653,,yes,
756649,756649,SB-431542,*585,FALSE,585,756649,,yes,
765672,765672,S-49076,*59,TRUE,59,765672,yes,yes,
761691,761691,SCH-1473759,*592,TRUE,592,761691,yes,yes,
763758,763758,SEN-450,*595,FALSE,595,763758,,yes,
757333,757333,SGI-1776,*597,FALSE,597,757333,,yes,
703081,703081,SL-0101,*604,FALSE,604,703081,,yes,
760764,760764,Voreloxin,*606,TRUE,606,760764,yes,yes,
747971,747971,Sorafenib,*608,FALSE,608,747971,,yes,
762153,762153,ST-3595,*610,TRUE,610,762153,yes,yes,
763929,763929,Orantinib,*614,FALSE,614,763929,,yes,
762418,762418,TAK Plk inhibitor,*618,TRUE,618,762418,yes,yes,
771858,771858,TAK-441,*619,TRUE,619,771858,yes,yes,
761759,761759,TAK-960 analog,*625,TRUE,625,761759,yes,yes,
754364,754364,Targegen B-Raf/PDGFR inhibitor Cpd 6,*627,FALSE,627,754364,,yes,
839303,839303,Triptolide,*654,FALSE,654,839303,,yes,
771649,771649,ARN-509,*66,FALSE,66,771649,,yes,
761693,761693,Vertex ATR inhibitor Cpd 45,*667,TRUE,667,761693,yes,yes,
771651,771651,VX-322,*676,TRUE,676,771651,yes,yes,
775665,775665,VX-702,*677,FALSE,677,775665,,yes,
755981,755981,WP-1034,*681,TRUE,681,755981,yes,yes,
755927,755927,WZ-4002,*683,FALSE,683,755927,,yes,
698215,698215,XK-469,*686,TRUE,686,698215,yes,yes,
791227,791227,XL-147,*688,TRUE,688,791227,yes,yes,
764765,764765,ARQ-680,*69,TRUE,69,764765,yes,yes,
768011,768011,XL-541,*691,FALSE,691,768011,,yes,
754367,754367,XR-5000,*697,FALSE,697,754367,,yes,
754366,754366,XR-5944,*698,TRUE,698,754366,yes,yes,
772886,772886,Apatinib,*705,TRUE,705,772886,yes,yes,
759096,759096,Triapine,*8,TRUE,8,759096,yes,yes,
778364,778364,Defactinib,*819,TRUE,819,778364,yes,yes,
754361,754361,Astex FGF inhibitor,*83,TRUE,83,754361,yes,yes,
777638,777638,AZD-6738,*911,TRUE,911,777638,yes,yes,
773230,773230,AZD-2461,*99,TRUE,99,773230,yes,yes,
780041,780041,GSK-126,*991,FALSE,991,780041,,yes,
727859,727859,(R)-(-)-Gossypol acetic acid,,FALSE,,727859,,,
754365,754365,XR-11576,,TRUE,,754365,,new,
756662,756662,sr 13654,,TRUE,,756662,,new,
756875,756875,(+/-)-Nutlin-3,,TRUE,478,756875,,yes,
761931,761931,KHK-Indazole,,TRUE,,761931,,new,
762381,762381,CGI Diphenylurea PK inhibitor,,FALSE,,762381,,,
763443,763443,(+)-Nutlin-3,,FALSE,,763443,,,
764276,764276,t-dcyd,,TRUE,,764276,,new,
764579,764579,Inolitazone hydrochloride,,FALSE,217,764579,,yes,
765775,765775,Gemcitabine elaidate,,TRUE,,765775,,new,
766824,766824,CEP-14083,,TRUE,,766824,,new,
766888,766888,BBOA,,FALSE,,766888,,,
767533,767533,BMN-673 enantiomer,,FALSE,,767533,,,
767599,767599,I-BET-151,,TRUE,312,767599,,yes,
768069,768069,Cobimetinib (isomer 1),,TRUE,895,768069,,yes,
772254,772254,ARRY-520 Isomer A,,TRUE,72,"772254, 772255",,yes,
772255,772255,ARRY-520 Isomer A,,TRUE,,,,,
772920,772920,ONX-0805,,TRUE,,772920,,new,
772991,772991,PKM2 (9),,TRUE,536,772991,,yes,
773264,773264,R-306465,,TRUE,,773264,,new,
774911,774911,BAY-1000394,,FALSE,,774911,,,
775018,775018,LDHA Cmp 35,,FALSE,,775018,,,
775637,775637,AMD-070,,TRUE,,775637,,new,
775772,775772,PF-04449913,,FALSE,,775772,,,
776786,776786,P505-15,,FALSE,,776786,,,
776790,776790,MK-0429,,TRUE,,776790,,new,
777109,777109,E-7438,,FALSE,,777109,,,
777447,777447,VTX-2337,,FALSE,,777447,,,
777586,777586,5-aza-T-dCyd,,TRUE,,777586,,new,
777671,777671,BRD-4770,,FALSE,,777671,,,
777878,777878,TABRECTA,,FALSE,,777878,,,
778365,778365,EPZ-5676,,FALSE,,778365,,,
778367,778367,ARRY-614,,TRUE,,778367,,new,
778746,778746,FH-535,,TRUE,,778746,,new,
778809,778809,TAK-632,,TRUE,,778809,,new,
779407,779407,GNE-617,,TRUE,,779407,,new,
780019,780019,PD183805,,TRUE,,780019,,new,
780043,780043,EPZ-004777,,FALSE,,780043,,,
780163,780163,SOMCL-12-81,,TRUE,,780163,,new,
780205,780205,dimethylfasudil,,TRUE,,780205,,new,
780250,780250,"AZD-6738 ( R,S-isomer)",,TRUE,,780250,,new,
780404,780404,AZ-505,,TRUE,,780404,,new,
780965,780965,MK-0731,,TRUE,,780965,,new,
781008,781008,maritoclax,,TRUE,,781008,,new,
781016,781016,BAY-87-2243,,TRUE,,781016,,new,
781417,781417,RN-486,,FALSE,,781417,,,
781652,781652,ningetinib,,FALSE,,781652,,,
782125,782125,JNJ-54302833,,TRUE,,782125,,new,
782362,782362,PWT-33597,,TRUE,,782362,,new,
783249,783249,JNJ-26483327,,TRUE,,783249,,new,
783272,783272,JNJ-47117096,,TRUE,,783272,,new,
783332,783332,EPZ-5687,,FALSE,,783332,,,
783333,783333,SGI-1027,,TRUE,,783333,,new,
783916,783916,pyridoclax,,TRUE,,783916,,new,
784284,784284,P-1446,,FALSE,,784284,,,
785306,785306,TAS-115,,TRUE,,785306,,new,
785497,785497,INCB-024360,,FALSE,,785497,,,
785570,785570,LOXO-101,,TRUE,,785570,,new,
787027,787027,EGF-816,,TRUE,,787027,,new,
787038,787038,AC-710,,FALSE,,787038,,,
787048,787048,azd5582,,TRUE,,787048,,new,
787081,787081,SR 9243,,FALSE,,787081,,,
787269,787269,SW-033291,,FALSE,,787269,,,
787780,787780,sabutoclax,,TRUE,,787780,,new,
787960,787960,UMI-77,,TRUE,,787960,,new,
788794,788794,A-911,,TRUE,,788794,,new,
789044,789044,CCT-271850,,TRUE,,789044,,new,
789300,789300,PLX-3397,,FALSE,,789300,,,
789797,789797,SW-044248,,TRUE,,789797,,new,
790182,790182,alofanib,,FALSE,,790182,,,
791163,791163,RG-7602,,TRUE,,791163,,new,
791328,791328,ARQ-092,,TRUE,,791328,,new,
791648,791648,PF-2771,,TRUE,,791648,,new,
791785,791785,Sapacitabine,,TRUE,,791785,,new,
792847,792847,INCB-047775,,TRUE,,792847,,new,
792997,792997,ARQ-087_Peak 2,,FALSE,,792997,,,
793323,793323,BGB-283,,TRUE,,793323,,new,
793677,793677,ASP-5878,,TRUE,,793677,,new,
793679,793679,CNDAC,,TRUE,,793679,,new,
793726,793726,CCT-245737,,TRUE,,793726,,new,
794442,794442,PQR-620,,TRUE,,794442,,new,
794443,794443,KPT-8602,,TRUE,,794443,,new,
794589,794589,NTRC-0066-0,,TRUE,,794589,,new,
794590,794590,BAY-1082439,,TRUE,,794590,,new,
795781,795781,GSK-2795039,,FALSE,,795781,,,
796433,796433,PF-04136309,,FALSE,,796433,,,
797172,797172,A-1331852,,TRUE,,797172,,new,
797393,797393,AT-265,,FALSE,,797393,,,
797769,797769,ABC-1183,,TRUE,,797769,,new,
798201,798201,VH-298,,FALSE,,798201,,,
798304,798304,EC-330,,TRUE,,798304,,new,
798517,798517,SAR-20347,,TRUE,,798517,,new,
799644,799644,DDP-38003,,FALSE,,799644,,,
799771,799771,BMS-988205,,FALSE,,799771,,,
799908,799908,GNE-140,,TRUE,,799908,,new,
800729,800729,GDC-0077,,TRUE,,800729,,new,
800890,800890,MSC-2530818,,FALSE,,800890,,,
801082,801082,BLU-285,,TRUE,,801082,,new,
801089,801089,PRN-1371,,TRUE,,801089,,new,
801813,801813,AZD-4205,,FALSE,,801813,,,
801845,801845,NA,,TRUE,,801845,,,
802004,802004,NA,,TRUE,,802004,,,
802101,802101,AZD-4635,,FALSE,,802101,,,
802450,802450,BAY-1251152,,TRUE,,802450,,new,
802451,802451,LY-3200882,,FALSE,,802451,,,
802548,802548,AZD-5069,,FALSE,,802548,,,
802820,802820,FT-1518,,TRUE,,802820,,new,
802821,802821,PQR-530,,TRUE,,802821,,new,
802822,802822,nedisertib,,TRUE,,802822,,new,
803247,803247,CB-1158,,FALSE,,803247,,,
803248,803248,MTX-211,,TRUE,,803248,,new,
803409,803409,BAY-1816032,,TRUE,,803409,,new,
803601,803601,LYC-55716,,FALSE,,803601,,,
803789,803789,AZD-1390,,TRUE,,803789,,new,
804040,804040,E-7046,,FALSE,,804040,,,
804041,804041,AMG-176,,TRUE,,804041,,new,
804518,804518,BAY-1163877,,TRUE,,804518,,new,
804520,804520,HDM-201,,TRUE,,804520,,new,
804521,804521,S-222611,,TRUE,,804521,,new,
804861,804861,ASTX-660,,TRUE,,804861,,new,
805500,805500,SEL-120,,TRUE,,805500,,new,
805596,805596,IDF-11774,,TRUE,,805596,,new,
805746,805746,CC-671,,TRUE,,805746,,new,
806387,806387,CYC-065,,TRUE,,806387,,new,
806388,806388,E-7090,,TRUE,,806388,,new,
806595,806595,PLX-51107,,TRUE,,806595,,new,
806812,806812,RG-6016,,TRUE,,806812,,new,
807047,807047,LXH-254,,TRUE,,807047,,new,
807055,807055,AZD-5991,,TRUE,,807055,,new,
807398,807398,INCB-057643,,TRUE,,807398,,new,
807626,807626,JNJ-3887618,,TRUE,,807626,,new,
807627,807627,BMS-986195,,FALSE,,807627,,,
808292,808292,SGI-110,,FALSE,,808292,,,
808507,808507,PF-6459988,,TRUE,,808507,,new,
808789,808789,RG-7741,,TRUE,,808789,,new,
808790,808790,AZD-0364,,TRUE,,808790,,new,
808792,808792,CC-90003,,TRUE,,808792,,new,
809099,809099,EPZ-011989,,FALSE,,809099,,,
809251,809251,ETC-159,,FALSE,,809251,,,
809252,809252,PF-06855800,,FALSE,,809252,,,
809694,809694,BOS-172722,,TRUE,,809694,,new,
809970,809970,LOXO-195,,TRUE,,809970,,new,
809971,809971,S-64315,,TRUE,,809971,,new,
809972,809972,IACS-10759,,TRUE,,809972,,new,
809973,809973,BAY-2402234,,TRUE,,809973,,new,
810114,810114,vecabrutinib,,FALSE,,810114,,,
810341,810341,PF-6459988,,TRUE,,810341,,new,
810717,810717,CG-806,,TRUE,,810717,,new,
811429,811429,BLU-667,,TRUE,,811429,,new,
811953,811953,IACS-8968,,TRUE,,811953,,new,
812052,812052,CH-7057288,,TRUE,,812052,,new,
812172,812172,ARS-1620,,TRUE,,812172,,new,
812415,812415,ABBV-744,,TRUE,,812415,,new,
812727,812727,relacorilant,,TRUE,,812727,,new,
812728,812728,AZD-4320,,TRUE,,812728,,new,
812901,812901,PRN-1008,,FALSE,,812901,,,
812902,812902,NA,,TRUE,,812902,,,
812926,812926,TAS-6417,,TRUE,,812926,,new,
812927,812927,PF-06873600,,TRUE,,812927,,new,
812928,812928,IDH-305,,TRUE,,812928,,new,
813380,813380,AZD-3229,,TRUE,,813380,,new,
813381,813381,valemetostat,,FALSE,,813381,,,
813488,813488,futibutinib,,TRUE,,813488,,new,
813859,813859,RGX-104,,FALSE,,813859,,,
814025,814025,LSZ-102,,TRUE,,814025,,new,
816024,816024,NA,,TRUE,,816024,,,
816437,816437,NA,,TRUE,,816437,,,
816554,816554,NA,,TRUE,,816554,,,
816555,816555,NA,,TRUE,,816555,,,
816556,816556,NA,,TRUE,,816556,,,
816863,816863,NA,,TRUE,,816863,,,
816987,816987,NA,,TRUE,,816987,,,
817040,817040,NA,,TRUE,,817040,,,
817042,817042,NA,,FALSE,,817042,,,
817043,817043,NA,,TRUE,,817043,,,
818002,818002,NA,,TRUE,,818002,,,
818003,818003,NA,,TRUE,,818003,,,
818432,818432,NA,,TRUE,,818432,,,
818433,818433,NA,,TRUE,,818433,,,
818434,818434,NA,,TRUE,,818434,,,
818435,818435,NA,,FALSE,,818435,,,
818619,818619,NA,,TRUE,,818619,,,
818620,818620,NA,,TRUE,,818620,,,
818621,818621,NA,,TRUE,,818621,,,
819210,819210,NA,,TRUE,,819210,,,
819211,819211,NA,,FALSE,,819211,,,
819558,819558,NA,,TRUE,,819558,,,
820052,820052,NA,,TRUE,,820052,,,
820283,820283,NA,,FALSE,,820283,,,
820784,820784,NA,,TRUE,,820784,,,
820832,820832,NA,,TRUE,,820832,,,
820918,820918,NA,,TRUE,,820918,,,
821656,821656,NA,,TRUE,,821656,,,
822744,822744,NA,,FALSE,,822744,,,
823658,823658,NA,,TRUE,,823658,,,
823659,823659,NA,,TRUE,,823659,,,
823806,823806,NA,,FALSE,,823806,,,
824184,824184,NA,,TRUE,,824184,,,
824722,824722,NA,,FALSE,,824722,,,
824723,824723,NA,,TRUE,,824723,,,
825088,825088,NA,,TRUE,,825088,,,
825254,825254,NA,,TRUE,,825254,,,
825282,825282,NA,,FALSE,,825282,,,
825286,825286,NA,,TRUE,,825286,,,
825287,825287,NA,,FALSE,,825287,,,
825332,825332,NA,,TRUE,,825332,,,
825519,825519,NA,,TRUE,,825519,,,
825520,825520,NA,,TRUE,,825520,,,
825521,825521,NA,,TRUE,,825521,,,
825522,825522,NA,,FALSE,,825522,,,
825523,825523,NA,,TRUE,,825523,,,
825713,825713,NA,,TRUE,,825713,,,
825775,825775,NA,,FALSE,,825775,,,
825956,825956,NA,,TRUE,,825956,,,
826039,826039,NA,,FALSE,,826039,,,
826040,826040,NA,,TRUE,,826040,,,
826119,826119,NA,,TRUE,,826119,,,
826275,826275,NA,,FALSE,,826275,,,
826942,826942,NA,,FALSE,,826942,,,
827275,827275,NA,,TRUE,,827275,,,
827675,827675,NA,,TRUE,,827675,,,
827676,827676,NA,,TRUE,,827676,,,
827802,827802,NA,,FALSE,,827802,,,
827886,827886,NA,,TRUE,,827886,,,
828250,828250,NA,,TRUE,,828250,,,
828251,828251,NA,,TRUE,,828251,,,
828252,828252,NA,,TRUE,,828252,,,
828316,828316,NA,,TRUE,,828316,,,
828318,828318,NA,,TRUE,,828318,,,
828319,828319,NA,,TRUE,,828319,,,
828583,828583,NA,,TRUE,,828583,,,
828584,828584,NA,,TRUE,,828584,,,
828717,828717,NA,,TRUE,,828717,,,
828852,828852,NA,,TRUE,,828852,,,
828853,828853,NA,,TRUE,,828853,,,
828939,828939,NA,,TRUE,,828939,,,
829066,829066,NA,,TRUE,,829066,,,
829498,829498,NA,,TRUE,,829498,,,
830173,830173,NA,,TRUE,,830173,,,
830201,830201,NA,,TRUE,,830201,,,
830202,830202,NA,,TRUE,,830202,,,
830368,830368,NA,,TRUE,,830368,,,
830911,830911,NA,,FALSE,,830911,,,
830912,830912,NA,,TRUE,,830912,,,
831147,831147,NA,,TRUE,,831147,,,
831270,831270,NA,,TRUE,,831270,,,
831271,831271,NA,,TRUE,,831271,,,
831453,831453,NA,,TRUE,,831453,,,
831868,831868,NA,,FALSE,,831868,,,
832046,832046,NA,,TRUE,,832046,,,
832261,832261,NA,,TRUE,,832261,,,
832262,832262,NA,,TRUE,,832262,,,
832263,832263,NA,,TRUE,,832263,,,
832522,832522,NA,,TRUE,,832522,,,
832523,832523,NA,,TRUE,,832523,,,
832772,832772,NA,,FALSE,,832772,,,
832937,832937,NA,,TRUE,,832937,,,
832938,832938,NA,,TRUE,,832938,,,
833292,833292,NA,,TRUE,,833292,,,
833390,833390,NA,,TRUE,,833390,,,
833745,833745,NA,,TRUE,,833745,,,
833746,833746,NA,,FALSE,,833746,,,
833899,833899,NA,,TRUE,,833899,,,
833900,833900,NA,,TRUE,,833900,,,
833901,833901,NA,,FALSE,,833901,,,
833973,833973,NA,,TRUE,,833973,,,
834160,834160,NA,,TRUE,,834160,,,
834161,834161,NA,,TRUE,,834161,,,
834196,834196,NA,,FALSE,,834196,,,
834197,834197,NA,,TRUE,,834197,,,
834374,834374,NA,,TRUE,,834374,,,
834375,834375,NA,,TRUE,,834375,,,
835418,835418,NA,,TRUE,,835418,,,
835419,835419,NA,,TRUE,,835419,,,
835563,835563,NA,,FALSE,,835563,,,
835773,835773,NA,,TRUE,,835773,,,
835774,835774,NA,,FALSE,,835774,,,
835775,835775,NA,,TRUE,,835775,,,
835776,835776,NA,,TRUE,,835776,,,
835817,835817,NA,,FALSE,,835817,,,
835818,835818,NA,,TRUE,,835818,,,
836049,836049,NA,,TRUE,,836049,,,
836050,836050,NA,,FALSE,,836050,,,
836163,836163,NA,,FALSE,,836163,,,
836407,836407,NA,,TRUE,,836407,,,
836439,836439,NA,,TRUE,,836439,,,
836440,836440,NA,,TRUE,,836440,,,
836824,836824,NA,,FALSE,,836824,,,
836941,836941,NA,,TRUE,,836941,,,
837081,837081,NA,,TRUE,,837081,,,
837082,837082,NA,,FALSE,,837082,,,
837396,837396,NA,,TRUE,,837396,,,
837397,837397,NA,,TRUE,,837397,,,
837398,837398,NA,,TRUE,,837398,,,
837893,837893,NA,,FALSE,,837893,,,
838377,838377,NA,,TRUE,,838377,,,
838762,838762,NA,,FALSE,,838762,,,
838763,838763,NA,,FALSE,,838763,,,
839102,839102,NA,,TRUE,,839102,,,
839697,839697,NA,,FALSE,,839697,,,
839698,839698,NA,,TRUE,,839698,,,
839699,839699,NA,,FALSE,,839699,,,
839865,839865,NA,,TRUE,,839865,,,
839866,839866,NA,,TRUE,,839866,,,